manufacturer,manufacturer_status,engines_built_in,seasons,races_entered,races_started,wins,points,poles,fastest_laps,podiums,wcc,wdc
"{'text': 'Acer', 'url': 'https://en.wikipedia.org/wiki/Acer_(engine)'}",former,"{'text': 'Italy', 'url': 'https://en.wikipedia.org/wiki/Italy'}","[{'year': 2001, 'url': 'https://en.wikipedia.org/wiki/2001_Formula_One_World_Championship'}]",17,17,0,4.0,0,0,0,0,0
"{'text': 'Alfa Romeo', 'url': 'https://en.wikipedia.org/wiki/Alfa_Romeo_in_Formula_One'}",former,"{'text': 'Italy', 'url': 'https://en.wikipedia.org/wiki/Italy'}","[{'year': 1950, 'url': 'https://en.wikipedia.org/wiki/1950_Formula_One_World_Championship'}, {'year': 1951, 'url': 'https://en.wikipedia.org/wiki/1951_Formula_One_World_Championship'}, {'year': 1961, 'url': 'https://en.wikipedia.org/wiki/1961_Formula_One_World_Championship'}, {'year': 1962, 'url': 'https://en.wikipedia.org/wiki/1962_Formula_One_World_Championship'}, {'year': 1963, 'url': 'https://en.wikipedia.org/wiki/1963_Formula_One_World_Championship'}, {'year': 1965, 'url': 'https://en.wikipedia.org/wiki/1965_Formula_One_World_Championship'}, {'year': 1968, 'url': 'https://en.wikipedia.org/wiki/1968_Formula_One_World_Championship'}, {'year': 1970, 'url': 'https://en.wikipedia.org/wiki/1970_Formula_One_World_Championship'}, {'year': 1971, 'url': 'https://en.wikipedia.org/wiki/1971_Formula_One_World_Championship'}, {'year': 1976, 'url': 'https://en.wikipedia.org/wiki/1976_Formula_One_World_Championship'}, {'year': 1977, 'url': 'https://en.wikipedia.org/wiki/1977_Formula_One_World_Championship'}, {'year': 1978, 'url': 'https://en.wikipedia.org/wiki/1978_Formula_One_World_Championship'}, {'year': 1979, 'url': 'https://en.wikipedia.org/wiki/1979_Formula_One_World_Championship'}, {'year': 1980, 'url': 'https://en.wikipedia.org/wiki/1980_Formula_One_World_Championship'}, {'year': 1981, 'url': 'https://en.wikipedia.org/wiki/1981_Formula_One_World_Championship'}, {'year': 1982, 'url': 'https://en.wikipedia.org/wiki/1982_Formula_One_World_Championship'}, {'year': 1983, 'url': 'https://en.wikipedia.org/wiki/1983_Formula_One_World_Championship'}, {'year': 1984, 'url': 'https://en.wikipedia.org/wiki/1984_Formula_One_World_Championship'}, {'year': 1985, 'url': 'https://en.wikipedia.org/wiki/1985_Formula_One_World_Championship'}, {'year': 1986, 'url': 'https://en.wikipedia.org/wiki/1986_Formula_One_World_Championship'}, {'year': 1987, 'url': 'https://en.wikipedia.org/wiki/1987_Formula_One_World_Championship'}]",226,215,12,148.0,15,20,40,0,2
"{'text': 'Alta', 'url': 'https://en.wikipedia.org/wiki/Alta_Car_and_Engineering_Company'}",former,"{'text': 'United Kingdom', 'url': 'https://en.wikipedia.org/wiki/United_Kingdom'}","[{'year': 1950, 'url': 'https://en.wikipedia.org/wiki/1950_Formula_One_World_Championship'}, {'year': 1951, 'url': 'https://en.wikipedia.org/wiki/1951_Formula_One_World_Championship'}, {'year': 1952, 'url': 'https://en.wikipedia.org/wiki/1952_Formula_One_World_Championship'}, {'year': 1953, 'url': 'https://en.wikipedia.org/wiki/1953_Formula_One_World_Championship'}, {'year': 1954, 'url': 'https://en.wikipedia.org/wiki/1954_Formula_One_World_Championship'}, {'year': 1955, 'url': 'https://en.wikipedia.org/wiki/1955_Formula_One_World_Championship'}, {'year': 1956, 'url': 'https://en.wikipedia.org/wiki/1956_Formula_One_World_Championship'}, {'year': 1957, 'url': 'https://en.wikipedia.org/wiki/1957_Formula_One_World_Championship'}, {'year': 1958, 'url': 'https://en.wikipedia.org/wiki/1958_Formula_One_World_Championship'}, {'year': 1959, 'url': 'https://en.wikipedia.org/wiki/1959_Formula_One_World_Championship'}]",31,26,0,,0,0,1,,0
"{'text': 'Arrows', 'url': 'https://en.wikipedia.org/wiki/Arrows_Grand_Prix_International'}",former,"{'text': 'United Kingdom', 'url': 'https://en.wikipedia.org/wiki/United_Kingdom'}","[{'year': 1998, 'url': 'https://en.wikipedia.org/wiki/1998_Formula_One_World_Championship'}, {'year': 1999, 'url': 'https://en.wikipedia.org/wiki/1999_Formula_One_World_Championship'}]",32,32,0,7.0,0,0,0,0,0
"{'text': 'Asiatech', 'url': 'https://en.wikipedia.org/wiki/Asia_Motor_Technologies_France'}",former,"{'text': 'France', 'url': 'https://en.wikipedia.org/wiki/France'}","[{'year': 2001, 'url': 'https://en.wikipedia.org/wiki/2001_Formula_One_World_Championship'}, {'year': 2002, 'url': 'https://en.wikipedia.org/wiki/2002_Formula_One_World_Championship'}]",34,33,0,3.0,0,0,0,0,0
"{'text': 'Aston Martin', 'url': 'https://en.wikipedia.org/wiki/Aston_Martin_in_Formula_One'}",former,"{'text': 'United Kingdom', 'url': 'https://en.wikipedia.org/wiki/United_Kingdom'}","[{'year': 1959, 'url': 'https://en.wikipedia.org/wiki/1959_Formula_One_World_Championship'}, {'year': 1960, 'url': 'https://en.wikipedia.org/wiki/1960_Formula_One_World_Championship'}]",6,5,0,0.0,0,0,0,0,0
"{'text': 'ATS', 'url': 'https://en.wikipedia.org/wiki/Automobili_Turismo_e_Sport'}",former,"{'text': 'Italy', 'url': 'https://en.wikipedia.org/wiki/Italy'}","[{'year': 1963, 'url': 'https://en.wikipedia.org/wiki/1963_Formula_One_World_Championship'}, {'year': 1964, 'url': 'https://en.wikipedia.org/wiki/1964_Formula_One_World_Championship'}, {'year': 1967, 'url': 'https://en.wikipedia.org/wiki/1967_Formula_One_World_Championship'}]",7,7,0,0.0,0,0,0,0,0
"{'text': 'BMW', 'url': 'https://en.wikipedia.org/wiki/BMW_in_Formula_One'}",former,"{'text': 'Germany', 'url': 'https://en.wikipedia.org/wiki/Germany'}","[{'year': 1952, 'url': 'https://en.wikipedia.org/wiki/1952_Formula_One_World_Championship'}, {'year': 1953, 'url': 'https://en.wikipedia.org/wiki/1953_Formula_One_World_Championship'}, {'year': 1954, 'url': 'https://en.wikipedia.org/wiki/1954_Formula_One_World_Championship'}, {'year': 1967, 'url': 'https://en.wikipedia.org/wiki/1967_Formula_One_World_Championship'}, {'year': 1968, 'url': 'https://en.wikipedia.org/wiki/1968_Formula_One_World_Championship'}, {'year': 1982, 'url': 'https://en.wikipedia.org/wiki/1982_Formula_One_World_Championship'}, {'year': 1983, 'url': 'https://en.wikipedia.org/wiki/1983_Formula_One_World_Championship'}, {'year': 1984, 'url': 'https://en.wikipedia.org/wiki/1984_Formula_One_World_Championship'}, {'year': 1985, 'url': 'https://en.wikipedia.org/wiki/1985_Formula_One_World_Championship'}, {'year': 1986, 'url': 'https://en.wikipedia.org/wiki/1986_Formula_One_World_Championship'}, {'year': 1987, 'url': 'https://en.wikipedia.org/wiki/1987_Formula_One_World_Championship'}, {'year': 2000, 'url': 'https://en.wikipedia.org/wiki/2000_Formula_One_World_Championship'}, {'year': 2001, 'url': 'https://en.wikipedia.org/wiki/2001_Formula_One_World_Championship'}, {'year': 2002, 'url': 'https://en.wikipedia.org/wiki/2002_Formula_One_World_Championship'}, {'year': 2003, 'url': 'https://en.wikipedia.org/wiki/2003_Formula_One_World_Championship'}, {'year': 2004, 'url': 'https://en.wikipedia.org/wiki/2004_Formula_One_World_Championship'}, {'year': 2005, 'url': 'https://en.wikipedia.org/wiki/2005_Formula_One_World_Championship'}, {'year': 2006, 'url': 'https://en.wikipedia.org/wiki/2006_Formula_One_World_Championship'}, {'year': 2007, 'url': 'https://en.wikipedia.org/wiki/2007_Formula_One_World_Championship'}, {'year': 2008, 'url': 'https://en.wikipedia.org/wiki/2008_Formula_One_World_Championship'}, {'year': 2009, 'url': 'https://en.wikipedia.org/wiki/2009_Formula_One_World_Championship'}]",273,270,20,1021.0,33,33,86,0,1
"{'text': 'Borgward', 'url': 'https://en.wikipedia.org/wiki/Borgward'}",former,"{'text': 'Germany', 'url': 'https://en.wikipedia.org/wiki/Germany'}","[{'year': 1959, 'url': 'https://en.wikipedia.org/wiki/1959_Formula_One_World_Championship'}, {'year': 1962, 'url': 'https://en.wikipedia.org/wiki/1962_Formula_One_World_Championship'}, {'year': 1963, 'url': 'https://en.wikipedia.org/wiki/1963_Formula_One_World_Championship'}]",3,1,0,0.0,0,0,0,0,0
"{'text': 'BPM', 'url': None}",former,"{'text': 'Italy', 'url': 'https://en.wikipedia.org/wiki/Italy'}","[{'year': 1952, 'url': 'https://en.wikipedia.org/wiki/1952_Formula_One_World_Championship'}]",1,0,0,,0,0,0,,0
"{'text': 'Bristol', 'url': 'https://en.wikipedia.org/wiki/Bristol_Cars'}",former,"{'text': 'United Kingdom', 'url': 'https://en.wikipedia.org/wiki/United_Kingdom'}","[{'year': 1952, 'url': 'https://en.wikipedia.org/wiki/1952_Formula_One_World_Championship'}, {'year': 1953, 'url': 'https://en.wikipedia.org/wiki/1953_Formula_One_World_Championship'}, {'year': 1954, 'url': 'https://en.wikipedia.org/wiki/1954_Formula_One_World_Championship'}, {'year': 1955, 'url': 'https://en.wikipedia.org/wiki/1955_Formula_One_World_Championship'}, {'year': 1956, 'url': 'https://en.wikipedia.org/wiki/1956_Formula_One_World_Championship'}, {'year': 1957, 'url': 'https://en.wikipedia.org/wiki/1957_Formula_One_World_Championship'}]",17,17,0,,0,0,1,,0
"{'text': 'BRM', 'url': 'https://en.wikipedia.org/wiki/British_Racing_Motors'}",former,"{'text': 'United Kingdom', 'url': 'https://en.wikipedia.org/wiki/United_Kingdom'}","[{'year': 1951, 'url': 'https://en.wikipedia.org/wiki/1951_Formula_One_World_Championship'}, {'year': 1956, 'url': 'https://en.wikipedia.org/wiki/1956_Formula_One_World_Championship'}, {'year': 1957, 'url': 'https://en.wikipedia.org/wiki/1957_Formula_One_World_Championship'}, {'year': 1958, 'url': 'https://en.wikipedia.org/wiki/1958_Formula_One_World_Championship'}, {'year': 1959, 'url': 'https://en.wikipedia.org/wiki/1959_Formula_One_World_Championship'}, {'year': 1960, 'url': 'https://en.wikipedia.org/wiki/1960_Formula_One_World_Championship'}, {'year': 1962, 'url': 'https://en.wikipedia.org/wiki/1962_Formula_One_World_Championship'}, {'year': 1963, 'url': 'https://en.wikipedia.org/wiki/1963_Formula_One_World_Championship'}, {'year': 1964, 'url': 'https://en.wikipedia.org/wiki/1964_Formula_One_World_Championship'}, {'year': 1965, 'url': 'https://en.wikipedia.org/wiki/1965_Formula_One_World_Championship'}, {'year': 1966, 'url': 'https://en.wikipedia.org/wiki/1966_Formula_One_World_Championship'}, {'year': 1967, 'url': 'https://en.wikipedia.org/wiki/1967_Formula_One_World_Championship'}, {'year': 1968, 'url': 'https://en.wikipedia.org/wiki/1968_Formula_One_World_Championship'}, {'year': 1969, 'url': 'https://en.wikipedia.org/wiki/1969_Formula_One_World_Championship'}, {'year': 1970, 'url': 'https://en.wikipedia.org/wiki/1970_Formula_One_World_Championship'}, {'year': 1971, 'url': 'https://en.wikipedia.org/wiki/1971_Formula_One_World_Championship'}, {'year': 1972, 'url': 'https://en.wikipedia.org/wiki/1972_Formula_One_World_Championship'}, {'year': 1973, 'url': 'https://en.wikipedia.org/wiki/1973_Formula_One_World_Championship'}, {'year': 1974, 'url': 'https://en.wikipedia.org/wiki/1974_Formula_One_World_Championship'}, {'year': 1975, 'url': 'https://en.wikipedia.org/wiki/1975_Formula_One_World_Championship'}, {'year': 1976, 'url': 'https://en.wikipedia.org/wiki/1976_Formula_One_World_Championship'}, {'year': 1977, 'url': 'https://en.wikipedia.org/wiki/1977_Formula_One_World_Championship'}]",200,189,18,499.0,11,14,65,1,1
"{'text': 'Bugatti', 'url': 'https://en.wikipedia.org/wiki/Bugatti'}",former,"{'text': 'France', 'url': 'https://en.wikipedia.org/wiki/France'}","[{'year': 1956, 'url': 'https://en.wikipedia.org/wiki/1956_Formula_One_World_Championship'}]",1,1,0,,0,0,0,,0
"{'text': 'Butterworth', 'url': 'https://en.wikipedia.org/wiki/Aston_Butterworth'}",former,"{'text': 'United Kingdom', 'url': 'https://en.wikipedia.org/wiki/United_Kingdom'}","[{'year': 1952, 'url': 'https://en.wikipedia.org/wiki/1952_Formula_One_World_Championship'}]",4,2,0,,0,0,0,,0
"{'text': 'BWT Mercedes', 'url': 'https://en.wikipedia.org/wiki/Mercedes_AMG_High_Performance_Powertrains'}",former,"{'text': 'United Kingdom', 'url': 'https://en.wikipedia.org/wiki/United_Kingdom'}","[{'year': 2019, 'url': 'https://en.wikipedia.org/wiki/2019_Formula_One_World_Championship'}, {'year': 2020, 'url': 'https://en.wikipedia.org/wiki/2020_Formula_One_World_Championship'}]",38,38,1,268.0,1,0,4,0,0
"{'text': 'Castellotti', 'url': 'https://en.wikipedia.org/wiki/Castellotti'}",former,"{'text': 'Italy', 'url': 'https://en.wikipedia.org/wiki/Italy'}","[{'year': 1960, 'url': 'https://en.wikipedia.org/wiki/1960_Formula_One_World_Championship'}]",4,3,0,3.0,0,0,0,0,0
"{'text': 'Climax', 'url': 'https://en.wikipedia.org/wiki/Coventry_Climax'}",former,"{'text': 'United Kingdom', 'url': 'https://en.wikipedia.org/wiki/United_Kingdom'}","[{'year': 1957, 'url': 'https://en.wikipedia.org/wiki/1957_Formula_One_World_Championship'}, {'year': 1958, 'url': 'https://en.wikipedia.org/wiki/1958_Formula_One_World_Championship'}, {'year': 1959, 'url': 'https://en.wikipedia.org/wiki/1959_Formula_One_World_Championship'}, {'year': 1960, 'url': 'https://en.wikipedia.org/wiki/1960_Formula_One_World_Championship'}, {'year': 1961, 'url': 'https://en.wikipedia.org/wiki/1961_Formula_One_World_Championship'}, {'year': 1962, 'url': 'https://en.wikipedia.org/wiki/1962_Formula_One_World_Championship'}, {'year': 1963, 'url': 'https://en.wikipedia.org/wiki/1963_Formula_One_World_Championship'}, {'year': 1964, 'url': 'https://en.wikipedia.org/wiki/1964_Formula_One_World_Championship'}, {'year': 1965, 'url': 'https://en.wikipedia.org/wiki/1965_Formula_One_World_Championship'}, {'year': 1966, 'url': 'https://en.wikipedia.org/wiki/1966_Formula_One_World_Championship'}, {'year': 1967, 'url': 'https://en.wikipedia.org/wiki/1967_Formula_One_World_Championship'}, {'year': 1968, 'url': 'https://en.wikipedia.org/wiki/1968_Formula_One_World_Championship'}, {'year': 1969, 'url': 'https://en.wikipedia.org/wiki/1969_Formula_One_World_Championship'}]",97,96,40,684.0,44,44,104,4,4
"{'text': 'Conrero', 'url': 'https://en.wikipedia.org/wiki/Virgilio_Conrero'}",former,"{'text': 'Italy', 'url': 'https://en.wikipedia.org/wiki/Italy'}","[{'year': 1961, 'url': 'https://en.wikipedia.org/wiki/1961_Formula_One_World_Championship'}]",1,1,0,0.0,0,0,0,0,0
"{'text': 'Cosworth', 'url': 'https://en.wikipedia.org/wiki/Cosworth'}",former,"{'text': 'United Kingdom', 'url': 'https://en.wikipedia.org/wiki/United_Kingdom'}","[{'year': 2000, 'url': 'https://en.wikipedia.org/wiki/2000_Formula_One_World_Championship'}, {'year': 2001, 'url': 'https://en.wikipedia.org/wiki/2001_Formula_One_World_Championship'}, {'year': 2002, 'url': 'https://en.wikipedia.org/wiki/2002_Formula_One_World_Championship'}, {'year': 2003, 'url': 'https://en.wikipedia.org/wiki/2003_Formula_One_World_Championship'}, {'year': 2004, 'url': 'https://en.wikipedia.org/wiki/2004_Formula_One_World_Championship'}, {'year': 2005, 'url': 'https://en.wikipedia.org/wiki/2005_Formula_One_World_Championship'}, {'year': 2006, 'url': 'https://en.wikipedia.org/wiki/2006_Formula_One_World_Championship'}, {'year': 2010, 'url': 'https://en.wikipedia.org/wiki/2010_Formula_One_World_Championship'}, {'year': 2011, 'url': 'https://en.wikipedia.org/wiki/2011_Formula_One_World_Championship'}, {'year': 2012, 'url': 'https://en.wikipedia.org/wiki/2012_Formula_One_World_Championship'}, {'year': 2013, 'url': 'https://en.wikipedia.org/wiki/2013_Formula_One_World_Championship'}]",199,199,0,179.0,1,1,2,0,0
"{'text': 'De Tomaso', 'url': 'https://en.wikipedia.org/wiki/De_Tomaso'}",former,"{'text': 'Italy', 'url': 'https://en.wikipedia.org/wiki/Italy'}","[{'year': 1962, 'url': 'https://en.wikipedia.org/wiki/1962_Formula_One_World_Championship'}]",1,0,0,0.0,0,0,0,0,0
"{'text': 'EMW', 'url': 'https://en.wikipedia.org/wiki/Eisenacher_Motorenwerk'}",former,"{'text': 'East Germany', 'url': 'https://en.wikipedia.org/wiki/East_Germany'}","[{'year': 1953, 'url': 'https://en.wikipedia.org/wiki/1953_Formula_One_World_Championship'}]",1,1,0,,0,0,0,,0
"{'text': 'ERA', 'url': 'https://en.wikipedia.org/wiki/English_Racing_Automobiles'}",former,"{'text': 'United Kingdom', 'url': 'https://en.wikipedia.org/wiki/United_Kingdom'}","[{'year': 1950, 'url': 'https://en.wikipedia.org/wiki/1950_Formula_One_World_Championship'}, {'year': 1951, 'url': 'https://en.wikipedia.org/wiki/1951_Formula_One_World_Championship'}]",4,4,0,,0,0,0,,0
"{'text': 'European', 'url': 'https://en.wikipedia.org/wiki/European_(engine)'}",former,"{'text': 'United Kingdom', 'url': 'https://en.wikipedia.org/wiki/United_Kingdom'}","[{'year': 2001, 'url': 'https://en.wikipedia.org/wiki/2001_Formula_One_World_Championship'}]",17,17,0,0.0,0,0,0,0,0
"{'text': 'Ferrari', 'url': 'https://en.wikipedia.org/wiki/Scuderia_Ferrari'}",current,"{'text': 'Italy', 'url': 'https://en.wikipedia.org/wiki/Italy'}","[{'year': 1950, 'url': 'https://en.wikipedia.org/wiki/1950_Formula_One_World_Championship'}, {'year': 1951, 'url': 'https://en.wikipedia.org/wiki/1951_Formula_One_World_Championship'}, {'year': 1952, 'url': 'https://en.wikipedia.org/wiki/1952_Formula_One_World_Championship'}, {'year': 1953, 'url': 'https://en.wikipedia.org/wiki/1953_Formula_One_World_Championship'}, {'year': 1954, 'url': 'https://en.wikipedia.org/wiki/1954_Formula_One_World_Championship'}, {'year': 1955, 'url': 'https://en.wikipedia.org/wiki/1955_Formula_One_World_Championship'}, {'year': 1956, 'url': 'https://en.wikipedia.org/wiki/1956_Formula_One_World_Championship'}, {'year': 1957, 'url': 'https://en.wikipedia.org/wiki/1957_Formula_One_World_Championship'}, {'year': 1958, 'url': 'https://en.wikipedia.org/wiki/1958_Formula_One_World_Championship'}, {'year': 1959, 'url': 'https://en.wikipedia.org/wiki/1959_Formula_One_World_Championship'}, {'year': 1960, 'url': 'https://en.wikipedia.org/wiki/1960_Formula_One_World_Championship'}, {'year': 1961, 'url': 'https://en.wikipedia.org/wiki/1961_Formula_One_World_Championship'}, {'year': 1962, 'url': 'https://en.wikipedia.org/wiki/1962_Formula_One_World_Championship'}, {'year': 1963, 'url': 'https://en.wikipedia.org/wiki/1963_Formula_One_World_Championship'}, {'year': 1964, 'url': 'https://en.wikipedia.org/wiki/1964_Formula_One_World_Championship'}, {'year': 1965, 'url': 'https://en.wikipedia.org/wiki/1965_Formula_One_World_Championship'}, {'year': 1966, 'url': 'https://en.wikipedia.org/wiki/1966_Formula_One_World_Championship'}, {'year': 1967, 'url': 'https://en.wikipedia.org/wiki/1967_Formula_One_World_Championship'}, {'year': 1968, 'url': 'https://en.wikipedia.org/wiki/1968_Formula_One_World_Championship'}, {'year': 1969, 'url': 'https://en.wikipedia.org/wiki/1969_Formula_One_World_Championship'}, {'year': 1970, 'url': 'https://en.wikipedia.org/wiki/1970_Formula_One_World_Championship'}, {'year': 1971, 'url': 'https://en.wikipedia.org/wiki/1971_Formula_One_World_Championship'}, {'year': 1972, 'url': 'https://en.wikipedia.org/wiki/1972_Formula_One_World_Championship'}, {'year': 1973, 'url': 'https://en.wikipedia.org/wiki/1973_Formula_One_World_Championship'}, {'year': 1974, 'url': 'https://en.wikipedia.org/wiki/1974_Formula_One_World_Championship'}, {'year': 1975, 'url': 'https://en.wikipedia.org/wiki/1975_Formula_One_World_Championship'}, {'year': 1976, 'url': 'https://en.wikipedia.org/wiki/1976_Formula_One_World_Championship'}, {'year': 1977, 'url': 'https://en.wikipedia.org/wiki/1977_Formula_One_World_Championship'}, {'year': 1978, 'url': 'https://en.wikipedia.org/wiki/1978_Formula_One_World_Championship'}, {'year': 1979, 'url': 'https://en.wikipedia.org/wiki/1979_Formula_One_World_Championship'}, {'year': 1980, 'url': 'https://en.wikipedia.org/wiki/1980_Formula_One_World_Championship'}, {'year': 1981, 'url': 'https://en.wikipedia.org/wiki/1981_Formula_One_World_Championship'}, {'year': 1982, 'url': 'https://en.wikipedia.org/wiki/1982_Formula_One_World_Championship'}, {'year': 1983, 'url': 'https://en.wikipedia.org/wiki/1983_Formula_One_World_Championship'}, {'year': 1984, 'url': 'https://en.wikipedia.org/wiki/1984_Formula_One_World_Championship'}, {'year': 1985, 'url': 'https://en.wikipedia.org/wiki/1985_Formula_One_World_Championship'}, {'year': 1986, 'url': 'https://en.wikipedia.org/wiki/1986_Formula_One_World_Championship'}, {'year': 1987, 'url': 'https://en.wikipedia.org/wiki/1987_Formula_One_World_Championship'}, {'year': 1988, 'url': 'https://en.wikipedia.org/wiki/1988_Formula_One_World_Championship'}, {'year': 1989, 'url': 'https://en.wikipedia.org/wiki/1989_Formula_One_World_Championship'}, {'year': 1990, 'url': 'https://en.wikipedia.org/wiki/1990_Formula_One_World_Championship'}, {'year': 1991, 'url': 'https://en.wikipedia.org/wiki/1991_Formula_One_World_Championship'}, {'year': 1992, 'url': 'https://en.wikipedia.org/wiki/1992_Formula_One_World_Championship'}, {'year': 1993, 'url': 'https://en.wikipedia.org/wiki/1993_Formula_One_World_Championship'}, {'year': 1994, 'url': 'https://en.wikipedia.org/wiki/1994_Formula_One_World_Championship'}, {'year': 1995, 'url': 'https://en.wikipedia.org/wiki/1995_Formula_One_World_Championship'}, {'year': 1996, 'url': 'https://en.wikipedia.org/wiki/1996_Formula_One_World_Championship'}, {'year': 1997, 'url': 'https://en.wikipedia.org/wiki/1997_Formula_One_World_Championship'}, {'year': 1998, 'url': 'https://en.wikipedia.org/wiki/1998_Formula_One_World_Championship'}, {'year': 1999, 'url': 'https://en.wikipedia.org/wiki/1999_Formula_One_World_Championship'}, {'year': 2000, 'url': 'https://en.wikipedia.org/wiki/2000_Formula_One_World_Championship'}, {'year': 2001, 'url': 'https://en.wikipedia.org/wiki/2001_Formula_One_World_Championship'}, {'year': 2002, 'url': 'https://en.wikipedia.org/wiki/2002_Formula_One_World_Championship'}, {'year': 2003, 'url': 'https://en.wikipedia.org/wiki/2003_Formula_One_World_Championship'}, {'year': 2004, 'url': 'https://en.wikipedia.org/wiki/2004_Formula_One_World_Championship'}, {'year': 2005, 'url': 'https://en.wikipedia.org/wiki/2005_Formula_One_World_Championship'}, {'year': 2006, 'url': 'https://en.wikipedia.org/wiki/2006_Formula_One_World_Championship'}, {'year': 2007, 'url': 'https://en.wikipedia.org/wiki/2007_Formula_One_World_Championship'}, {'year': 2008, 'url': 'https://en.wikipedia.org/wiki/2008_Formula_One_World_Championship'}, {'year': 2009, 'url': 'https://en.wikipedia.org/wiki/2009_Formula_One_World_Championship'}, {'year': 2010, 'url': 'https://en.wikipedia.org/wiki/2010_Formula_One_World_Championship'}, {'year': 2011, 'url': 'https://en.wikipedia.org/wiki/2011_Formula_One_World_Championship'}, {'year': 2012, 'url': 'https://en.wikipedia.org/wiki/2012_Formula_One_World_Championship'}, {'year': 2013, 'url': 'https://en.wikipedia.org/wiki/2013_Formula_One_World_Championship'}, {'year': 2014, 'url': 'https://en.wikipedia.org/wiki/2014_Formula_One_World_Championship'}, {'year': 2015, 'url': 'https://en.wikipedia.org/wiki/2015_Formula_One_World_Championship'}, {'year': 2016, 'url': 'https://en.wikipedia.org/wiki/2016_Formula_One_World_Championship'}, {'year': 2017, 'url': 'https://en.wikipedia.org/wiki/2017_Formula_One_World_Championship'}, {'year': 2018, 'url': 'https://en.wikipedia.org/wiki/2018_Formula_One_World_Championship'}, {'year': 2019, 'url': 'https://en.wikipedia.org/wiki/2019_Formula_One_World_Championship'}, {'year': 2020, 'url': 'https://en.wikipedia.org/wiki/2020_Formula_One_World_Championship'}, {'year': 2021, 'url': 'https://en.wikipedia.org/wiki/2021_Formula_One_World_Championship'}, {'year': 2022, 'url': 'https://en.wikipedia.org/wiki/2022_Formula_One_World_Championship'}, {'year': 2023, 'url': 'https://en.wikipedia.org/wiki/2023_Formula_One_World_Championship'}, {'year': 2024, 'url': 'https://en.wikipedia.org/wiki/2024_Formula_One_World_Championship'}, {'year': 2025, 'url': 'https://en.wikipedia.org/wiki/2025_Formula_One_World_Championship'}]",1127,1123,249,11927.0,256,273,843,16,15
"{'text': 'Fiat', 'url': 'https://en.wikipedia.org/wiki/Fiat'}",former,"{'text': 'Italy', 'url': 'https://en.wikipedia.org/wiki/Italy'}","[{'year': 1950, 'url': 'https://en.wikipedia.org/wiki/1950_Formula_One_World_Championship'}]",1,0,0,,0,0,0,,0
"{'text': 'Fondmetal', 'url': 'https://en.wikipedia.org/wiki/Fondmetal'}",former,"{'text': 'United Kingdom', 'url': 'https://en.wikipedia.org/wiki/United_Kingdom'}","[{'year': 2000, 'url': 'https://en.wikipedia.org/wiki/2000_Formula_One_World_Championship'}]",17,17,0,0.0,0,0,0,0,0
"{'text': 'Ford', 'url': 'https://en.wikipedia.org/wiki/Ford_Motor_Company'}",former,United Kingdom  United States,"[{'year': 1951, 'url': 'https://en.wikipedia.org/wiki/1951_Formula_One_World_Championship'}, {'year': 1963, 'url': 'https://en.wikipedia.org/wiki/1963_Formula_One_World_Championship'}, {'year': 1964, 'url': 'https://en.wikipedia.org/wiki/1964_Formula_One_World_Championship'}, {'year': 1965, 'url': 'https://en.wikipedia.org/wiki/1965_Formula_One_World_Championship'}, {'year': 1966, 'url': 'https://en.wikipedia.org/wiki/1966_Formula_One_World_Championship'}, {'year': 1967, 'url': 'https://en.wikipedia.org/wiki/1967_Formula_One_World_Championship'}, {'year': 1968, 'url': 'https://en.wikipedia.org/wiki/1968_Formula_One_World_Championship'}, {'year': 1969, 'url': 'https://en.wikipedia.org/wiki/1969_Formula_One_World_Championship'}, {'year': 1970, 'url': 'https://en.wikipedia.org/wiki/1970_Formula_One_World_Championship'}, {'year': 1971, 'url': 'https://en.wikipedia.org/wiki/1971_Formula_One_World_Championship'}, {'year': 1972, 'url': 'https://en.wikipedia.org/wiki/1972_Formula_One_World_Championship'}, {'year': 1973, 'url': 'https://en.wikipedia.org/wiki/1973_Formula_One_World_Championship'}, {'year': 1974, 'url': 'https://en.wikipedia.org/wiki/1974_Formula_One_World_Championship'}, {'year': 1975, 'url': 'https://en.wikipedia.org/wiki/1975_Formula_One_World_Championship'}, {'year': 1976, 'url': 'https://en.wikipedia.org/wiki/1976_Formula_One_World_Championship'}, {'year': 1977, 'url': 'https://en.wikipedia.org/wiki/1977_Formula_One_World_Championship'}, {'year': 1978, 'url': 'https://en.wikipedia.org/wiki/1978_Formula_One_World_Championship'}, {'year': 1979, 'url': 'https://en.wikipedia.org/wiki/1979_Formula_One_World_Championship'}, {'year': 1980, 'url': 'https://en.wikipedia.org/wiki/1980_Formula_One_World_Championship'}, {'year': 1981, 'url': 'https://en.wikipedia.org/wiki/1981_Formula_One_World_Championship'}, {'year': 1982, 'url': 'https://en.wikipedia.org/wiki/1982_Formula_One_World_Championship'}, {'year': 1983, 'url': 'https://en.wikipedia.org/wiki/1983_Formula_One_World_Championship'}, {'year': 1984, 'url': 'https://en.wikipedia.org/wiki/1984_Formula_One_World_Championship'}, {'year': 1985, 'url': 'https://en.wikipedia.org/wiki/1985_Formula_One_World_Championship'}, {'year': 1986, 'url': 'https://en.wikipedia.org/wiki/1986_Formula_One_World_Championship'}, {'year': 1987, 'url': 'https://en.wikipedia.org/wiki/1987_Formula_One_World_Championship'}, {'year': 1988, 'url': 'https://en.wikipedia.org/wiki/1988_Formula_One_World_Championship'}, {'year': 1989, 'url': 'https://en.wikipedia.org/wiki/1989_Formula_One_World_Championship'}, {'year': 1990, 'url': 'https://en.wikipedia.org/wiki/1990_Formula_One_World_Championship'}, {'year': 1991, 'url': 'https://en.wikipedia.org/wiki/1991_Formula_One_World_Championship'}, {'year': 1992, 'url': 'https://en.wikipedia.org/wiki/1992_Formula_One_World_Championship'}, {'year': 1993, 'url': 'https://en.wikipedia.org/wiki/1993_Formula_One_World_Championship'}, {'year': 1994, 'url': 'https://en.wikipedia.org/wiki/1994_Formula_One_World_Championship'}, {'year': 1995, 'url': 'https://en.wikipedia.org/wiki/1995_Formula_One_World_Championship'}, {'year': 1996, 'url': 'https://en.wikipedia.org/wiki/1996_Formula_One_World_Championship'}, {'year': 1997, 'url': 'https://en.wikipedia.org/wiki/1997_Formula_One_World_Championship'}, {'year': 1998, 'url': 'https://en.wikipedia.org/wiki/1998_Formula_One_World_Championship'}, {'year': 1999, 'url': 'https://en.wikipedia.org/wiki/1999_Formula_One_World_Championship'}, {'year': 2003, 'url': 'https://en.wikipedia.org/wiki/2003_Formula_One_World_Championship'}, {'year': 2004, 'url': 'https://en.wikipedia.org/wiki/2004_Formula_One_World_Championship'}]",528,523,176,4286.5,139,159,533,10,13
"{'text': 'Gordini', 'url': 'https://en.wikipedia.org/wiki/Gordini'}",former,"{'text': 'France', 'url': 'https://en.wikipedia.org/wiki/France'}","[{'year': 1950, 'url': 'https://en.wikipedia.org/wiki/1950_Formula_One_World_Championship'}, {'year': 1951, 'url': 'https://en.wikipedia.org/wiki/1951_Formula_One_World_Championship'}, {'year': 1952, 'url': 'https://en.wikipedia.org/wiki/1952_Formula_One_World_Championship'}, {'year': 1953, 'url': 'https://en.wikipedia.org/wiki/1953_Formula_One_World_Championship'}, {'year': 1954, 'url': 'https://en.wikipedia.org/wiki/1954_Formula_One_World_Championship'}, {'year': 1955, 'url': 'https://en.wikipedia.org/wiki/1955_Formula_One_World_Championship'}, {'year': 1956, 'url': 'https://en.wikipedia.org/wiki/1956_Formula_One_World_Championship'}]",45,40,0,,0,1,2,0,0
"{'text': 'Hart', 'url': 'https://en.wikipedia.org/wiki/Hart_Racing_Engines'}",former,"{'text': 'United Kingdom', 'url': 'https://en.wikipedia.org/wiki/United_Kingdom'}","[{'year': 1981, 'url': 'https://en.wikipedia.org/wiki/1981_Formula_One_World_Championship'}, {'year': 1982, 'url': 'https://en.wikipedia.org/wiki/1982_Formula_One_World_Championship'}, {'year': 1983, 'url': 'https://en.wikipedia.org/wiki/1983_Formula_One_World_Championship'}, {'year': 1984, 'url': 'https://en.wikipedia.org/wiki/1984_Formula_One_World_Championship'}, {'year': 1985, 'url': 'https://en.wikipedia.org/wiki/1985_Formula_One_World_Championship'}, {'year': 1986, 'url': 'https://en.wikipedia.org/wiki/1986_Formula_One_World_Championship'}, {'year': 1993, 'url': 'https://en.wikipedia.org/wiki/1993_Formula_One_World_Championship'}, {'year': 1994, 'url': 'https://en.wikipedia.org/wiki/1994_Formula_One_World_Championship'}, {'year': 1995, 'url': 'https://en.wikipedia.org/wiki/1995_Formula_One_World_Championship'}, {'year': 1996, 'url': 'https://en.wikipedia.org/wiki/1996_Formula_One_World_Championship'}, {'year': 1997, 'url': 'https://en.wikipedia.org/wiki/1997_Formula_One_World_Championship'}]",158,144,0,63.0,2,2,5,0,0
"{'text': 'Honda', 'url': 'https://en.wikipedia.org/wiki/Honda_in_Formula_One'}",former,"{'text': 'Japan', 'url': 'https://en.wikipedia.org/wiki/Japan'}","[{'year': 1964, 'url': 'https://en.wikipedia.org/wiki/1964_Formula_One_World_Championship'}, {'year': 1965, 'url': 'https://en.wikipedia.org/wiki/1965_Formula_One_World_Championship'}, {'year': 1966, 'url': 'https://en.wikipedia.org/wiki/1966_Formula_One_World_Championship'}, {'year': 1967, 'url': 'https://en.wikipedia.org/wiki/1967_Formula_One_World_Championship'}, {'year': 1968, 'url': 'https://en.wikipedia.org/wiki/1968_Formula_One_World_Championship'}, {'year': 1983, 'url': 'https://en.wikipedia.org/wiki/1983_Formula_One_World_Championship'}, {'year': 1984, 'url': 'https://en.wikipedia.org/wiki/1984_Formula_One_World_Championship'}, {'year': 1985, 'url': 'https://en.wikipedia.org/wiki/1985_Formula_One_World_Championship'}, {'year': 1986, 'url': 'https://en.wikipedia.org/wiki/1986_Formula_One_World_Championship'}, {'year': 1987, 'url': 'https://en.wikipedia.org/wiki/1987_Formula_One_World_Championship'}, {'year': 1988, 'url': 'https://en.wikipedia.org/wiki/1988_Formula_One_World_Championship'}, {'year': 1989, 'url': 'https://en.wikipedia.org/wiki/1989_Formula_One_World_Championship'}, {'year': 1990, 'url': 'https://en.wikipedia.org/wiki/1990_Formula_One_World_Championship'}, {'year': 1991, 'url': 'https://en.wikipedia.org/wiki/1991_Formula_One_World_Championship'}, {'year': 1992, 'url': 'https://en.wikipedia.org/wiki/1992_Formula_One_World_Championship'}, {'year': 2000, 'url': 'https://en.wikipedia.org/wiki/2000_Formula_One_World_Championship'}, {'year': 2001, 'url': 'https://en.wikipedia.org/wiki/2001_Formula_One_World_Championship'}, {'year': 2002, 'url': 'https://en.wikipedia.org/wiki/2002_Formula_One_World_Championship'}, {'year': 2003, 'url': 'https://en.wikipedia.org/wiki/2003_Formula_One_World_Championship'}, {'year': 2004, 'url': 'https://en.wikipedia.org/wiki/2004_Formula_One_World_Championship'}, {'year': 2005, 'url': 'https://en.wikipedia.org/wiki/2005_Formula_One_World_Championship'}, {'year': 2006, 'url': 'https://en.wikipedia.org/wiki/2006_Formula_One_World_Championship'}, {'year': 2007, 'url': 'https://en.wikipedia.org/wiki/2007_Formula_One_World_Championship'}, {'year': 2008, 'url': 'https://en.wikipedia.org/wiki/2008_Formula_One_World_Championship'}, {'year': 2015, 'url': 'https://en.wikipedia.org/wiki/2015_Formula_One_World_Championship'}, {'year': 2016, 'url': 'https://en.wikipedia.org/wiki/2016_Formula_One_World_Championship'}, {'year': 2017, 'url': 'https://en.wikipedia.org/wiki/2017_Formula_One_World_Championship'}, {'year': 2018, 'url': 'https://en.wikipedia.org/wiki/2018_Formula_One_World_Championship'}, {'year': 2019, 'url': 'https://en.wikipedia.org/wiki/2019_Formula_One_World_Championship'}, {'year': 2020, 'url': 'https://en.wikipedia.org/wiki/2020_Formula_One_World_Championship'}, {'year': 2021, 'url': 'https://en.wikipedia.org/wiki/2021_Formula_One_World_Championship'}]",482,481,89,3409.0,90,76,223,6,6
"{'text': 'Honda RBPT', 'url': 'https://en.wikipedia.org/wiki/Honda_RBPT'}",current,"{'text': 'Japan', 'url': 'https://en.wikipedia.org/wiki/Japan'}","[{'year': 2023, 'url': 'https://en.wikipedia.org/wiki/2023_Formula_One_World_Championship'}, {'year': 2024, 'url': 'https://en.wikipedia.org/wiki/2024_Formula_One_World_Championship'}, {'year': 2025, 'url': 'https://en.wikipedia.org/wiki/2025_Formula_One_World_Championship'}]",69,69,37,2038.0,29,20,63,1,2
"{'text': 'Ilmor', 'url': 'https://en.wikipedia.org/wiki/Ilmor'}",former,"{'text': 'United Kingdom', 'url': 'https://en.wikipedia.org/wiki/United_Kingdom'}","[{'year': 1991, 'url': 'https://en.wikipedia.org/wiki/1991_Formula_One_World_Championship'}, {'year': 1992, 'url': 'https://en.wikipedia.org/wiki/1992_Formula_One_World_Championship'}, {'year': 1994, 'url': 'https://en.wikipedia.org/wiki/1994_Formula_One_World_Championship'}]",48,37,0,12.0,0,0,0,0,0
"{'text': 'Jaguar', 'url': 'https://en.wikipedia.org/wiki/Jaguar_Cars'}",former,"{'text': 'United Kingdom', 'url': 'https://en.wikipedia.org/wiki/United_Kingdom'}","[{'year': 1950, 'url': 'https://en.wikipedia.org/wiki/1950_Formula_One_World_Championship'}]",1,1,0,,0,0,0,,0
"{'text': 'JAP', 'url': 'https://en.wikipedia.org/wiki/JA_Prestwich_Industries'}",former,"{'text': 'United Kingdom', 'url': 'https://en.wikipedia.org/wiki/United_Kingdom'}","[{'year': 1950, 'url': 'https://en.wikipedia.org/wiki/1950_Formula_One_World_Championship'}]",1,1,0,,0,0,0,,0
"{'text': 'Judd', 'url': 'https://en.wikipedia.org/wiki/Judd_(engine)'}",former,"{'text': 'United Kingdom', 'url': 'https://en.wikipedia.org/wiki/United_Kingdom'}","[{'year': 1988, 'url': 'https://en.wikipedia.org/wiki/1988_Formula_One_World_Championship'}, {'year': 1989, 'url': 'https://en.wikipedia.org/wiki/1989_Formula_One_World_Championship'}, {'year': 1990, 'url': 'https://en.wikipedia.org/wiki/1990_Formula_One_World_Championship'}, {'year': 1991, 'url': 'https://en.wikipedia.org/wiki/1991_Formula_One_World_Championship'}, {'year': 1992, 'url': 'https://en.wikipedia.org/wiki/1992_Formula_One_World_Championship'}]",76,68,0,86.0,0,3,8,0,0
"{'text': 'Küchen', 'url': None}",former,"{'text': 'Germany', 'url': 'https://en.wikipedia.org/wiki/Germany'}","[{'year': 1952, 'url': 'https://en.wikipedia.org/wiki/1952_Formula_One_World_Championship'}]",1,1,0,,0,0,0,,0
"{'text': 'Lamborghini', 'url': 'https://en.wikipedia.org/wiki/Lamborghini'}",former,"{'text': 'Italy', 'url': 'https://en.wikipedia.org/wiki/Italy'}","[{'year': 1989, 'url': 'https://en.wikipedia.org/wiki/1989_Formula_One_World_Championship'}, {'year': 1990, 'url': 'https://en.wikipedia.org/wiki/1990_Formula_One_World_Championship'}, {'year': 1991, 'url': 'https://en.wikipedia.org/wiki/1991_Formula_One_World_Championship'}, {'year': 1992, 'url': 'https://en.wikipedia.org/wiki/1992_Formula_One_World_Championship'}, {'year': 1993, 'url': 'https://en.wikipedia.org/wiki/1993_Formula_One_World_Championship'}]",80,80,0,20.0,0,0,1,0,0
"{'text': 'Lancia', 'url': 'https://en.wikipedia.org/wiki/Lancia_in_Formula_One'}",former,"{'text': 'Italy', 'url': 'https://en.wikipedia.org/wiki/Italy'}","[{'year': 1953, 'url': 'https://en.wikipedia.org/wiki/1953_Formula_One_World_Championship'}, {'year': 1954, 'url': 'https://en.wikipedia.org/wiki/1954_Formula_One_World_Championship'}, {'year': 1955, 'url': 'https://en.wikipedia.org/wiki/1955_Formula_One_World_Championship'}]",6,4,0,,2,1,1,,0
"{'text': 'Lea-Francis', 'url': 'https://en.wikipedia.org/wiki/Lea-Francis'}",former,"{'text': 'United Kingdom', 'url': 'https://en.wikipedia.org/wiki/United_Kingdom'}","[{'year': 1952, 'url': 'https://en.wikipedia.org/wiki/1952_Formula_One_World_Championship'}, {'year': 1953, 'url': 'https://en.wikipedia.org/wiki/1953_Formula_One_World_Championship'}, {'year': 1954, 'url': 'https://en.wikipedia.org/wiki/1954_Formula_One_World_Championship'}]",10,10,0,,0,0,0,,0
"{'text': 'Life', 'url': 'https://en.wikipedia.org/wiki/Life_Racing_Engines'}",former,"{'text': 'Italy', 'url': 'https://en.wikipedia.org/wiki/Italy'}","[{'year': 1990, 'url': 'https://en.wikipedia.org/wiki/1990_Formula_One_World_Championship'}]",12,0,0,0.0,0,0,0,0,0
"{'text': 'Maserati', 'url': 'https://en.wikipedia.org/wiki/Maserati_in_Formula_One'}",former,"{'text': 'Italy', 'url': 'https://en.wikipedia.org/wiki/Italy'}","[{'year': 1950, 'url': 'https://en.wikipedia.org/wiki/1950_Formula_One_World_Championship'}, {'year': 1951, 'url': 'https://en.wikipedia.org/wiki/1951_Formula_One_World_Championship'}, {'year': 1952, 'url': 'https://en.wikipedia.org/wiki/1952_Formula_One_World_Championship'}, {'year': 1953, 'url': 'https://en.wikipedia.org/wiki/1953_Formula_One_World_Championship'}, {'year': 1954, 'url': 'https://en.wikipedia.org/wiki/1954_Formula_One_World_Championship'}, {'year': 1955, 'url': 'https://en.wikipedia.org/wiki/1955_Formula_One_World_Championship'}, {'year': 1956, 'url': 'https://en.wikipedia.org/wiki/1956_Formula_One_World_Championship'}, {'year': 1957, 'url': 'https://en.wikipedia.org/wiki/1957_Formula_One_World_Championship'}, {'year': 1958, 'url': 'https://en.wikipedia.org/wiki/1958_Formula_One_World_Championship'}, {'year': 1959, 'url': 'https://en.wikipedia.org/wiki/1959_Formula_One_World_Championship'}, {'year': 1960, 'url': 'https://en.wikipedia.org/wiki/1960_Formula_One_World_Championship'}, {'year': 1961, 'url': 'https://en.wikipedia.org/wiki/1961_Formula_One_World_Championship'}, {'year': 1962, 'url': 'https://en.wikipedia.org/wiki/1962_Formula_One_World_Championship'}, {'year': 1963, 'url': 'https://en.wikipedia.org/wiki/1963_Formula_One_World_Championship'}, {'year': 1966, 'url': 'https://en.wikipedia.org/wiki/1966_Formula_One_World_Championship'}, {'year': 1967, 'url': 'https://en.wikipedia.org/wiki/1967_Formula_One_World_Championship'}, {'year': 1968, 'url': 'https://en.wikipedia.org/wiki/1968_Formula_One_World_Championship'}, {'year': 1969, 'url': 'https://en.wikipedia.org/wiki/1969_Formula_One_World_Championship'}]",113,108,11,72.0,11,17,44,0,2
"{'text': 'Matra', 'url': 'https://en.wikipedia.org/wiki/Equipe_Matra_Sports'}",former,"{'text': 'France', 'url': 'https://en.wikipedia.org/wiki/France'}","[{'year': 1968, 'url': 'https://en.wikipedia.org/wiki/1968_Formula_One_World_Championship'}, {'year': 1970, 'url': 'https://en.wikipedia.org/wiki/1970_Formula_One_World_Championship'}, {'year': 1971, 'url': 'https://en.wikipedia.org/wiki/1971_Formula_One_World_Championship'}, {'year': 1972, 'url': 'https://en.wikipedia.org/wiki/1972_Formula_One_World_Championship'}, {'year': 1975, 'url': 'https://en.wikipedia.org/wiki/1975_Formula_One_World_Championship'}, {'year': 1976, 'url': 'https://en.wikipedia.org/wiki/1976_Formula_One_World_Championship'}, {'year': 1977, 'url': 'https://en.wikipedia.org/wiki/1977_Formula_One_World_Championship'}, {'year': 1978, 'url': 'https://en.wikipedia.org/wiki/1978_Formula_One_World_Championship'}, {'year': 1981, 'url': 'https://en.wikipedia.org/wiki/1981_Formula_One_World_Championship'}, {'year': 1982, 'url': 'https://en.wikipedia.org/wiki/1982_Formula_One_World_Championship'}]",126,125,3,173.0,4,5,24,0,0
"{'text': 'Mecachrome', 'url': 'https://en.wikipedia.org/wiki/Mecachrome'}",former,"{'text': 'France', 'url': 'https://en.wikipedia.org/wiki/France'}","[{'year': 1998, 'url': 'https://en.wikipedia.org/wiki/1998_Formula_One_World_Championship'}]",16,16,0,38.0,0,0,3,0,0
"{'text': 'Megatron', 'url': 'https://en.wikipedia.org/wiki/Megatron_(engine)'}",former,"{'text': 'Switzerland', 'url': 'https://en.wikipedia.org/wiki/Switzerland'}","[{'year': 1987, 'url': 'https://en.wikipedia.org/wiki/1987_Formula_One_World_Championship'}, {'year': 1988, 'url': 'https://en.wikipedia.org/wiki/1988_Formula_One_World_Championship'}]",32,32,0,35.0,0,0,1,0,0
"{'text': 'Mercedes', 'url': 'https://en.wikipedia.org/wiki/Mercedes-Benz_in_Formula_One'}",current,"{'text': 'United Kingdom', 'url': 'https://en.wikipedia.org/wiki/United_Kingdom'}","[{'year': 1954, 'url': 'https://en.wikipedia.org/wiki/1954_Formula_One_World_Championship'}, {'year': 1955, 'url': 'https://en.wikipedia.org/wiki/1955_Formula_One_World_Championship'}, {'year': 1994, 'url': 'https://en.wikipedia.org/wiki/1994_Formula_One_World_Championship'}, {'year': 1995, 'url': 'https://en.wikipedia.org/wiki/1995_Formula_One_World_Championship'}, {'year': 1996, 'url': 'https://en.wikipedia.org/wiki/1996_Formula_One_World_Championship'}, {'year': 1997, 'url': 'https://en.wikipedia.org/wiki/1997_Formula_One_World_Championship'}, {'year': 1998, 'url': 'https://en.wikipedia.org/wiki/1998_Formula_One_World_Championship'}, {'year': 1999, 'url': 'https://en.wikipedia.org/wiki/1999_Formula_One_World_Championship'}, {'year': 2000, 'url': 'https://en.wikipedia.org/wiki/2000_Formula_One_World_Championship'}, {'year': 2001, 'url': 'https://en.wikipedia.org/wiki/2001_Formula_One_World_Championship'}, {'year': 2002, 'url': 'https://en.wikipedia.org/wiki/2002_Formula_One_World_Championship'}, {'year': 2003, 'url': 'https://en.wikipedia.org/wiki/2003_Formula_One_World_Championship'}, {'year': 2004, 'url': 'https://en.wikipedia.org/wiki/2004_Formula_One_World_Championship'}, {'year': 2005, 'url': 'https://en.wikipedia.org/wiki/2005_Formula_One_World_Championship'}, {'year': 2006, 'url': 'https://en.wikipedia.org/wiki/2006_Formula_One_World_Championship'}, {'year': 2007, 'url': 'https://en.wikipedia.org/wiki/2007_Formula_One_World_Championship'}, {'year': 2008, 'url': 'https://en.wikipedia.org/wiki/2008_Formula_One_World_Championship'}, {'year': 2009, 'url': 'https://en.wikipedia.org/wiki/2009_Formula_One_World_Championship'}, {'year': 2010, 'url': 'https://en.wikipedia.org/wiki/2010_Formula_One_World_Championship'}, {'year': 2011, 'url': 'https://en.wikipedia.org/wiki/2011_Formula_One_World_Championship'}, {'year': 2012, 'url': 'https://en.wikipedia.org/wiki/2012_Formula_One_World_Championship'}, {'year': 2013, 'url': 'https://en.wikipedia.org/wiki/2013_Formula_One_World_Championship'}, {'year': 2014, 'url': 'https://en.wikipedia.org/wiki/2014_Formula_One_World_Championship'}, {'year': 2015, 'url': 'https://en.wikipedia.org/wiki/2015_Formula_One_World_Championship'}, {'year': 2016, 'url': 'https://en.wikipedia.org/wiki/2016_Formula_One_World_Championship'}, {'year': 2017, 'url': 'https://en.wikipedia.org/wiki/2017_Formula_One_World_Championship'}, {'year': 2018, 'url': 'https://en.wikipedia.org/wiki/2018_Formula_One_World_Championship'}, {'year': 2019, 'url': 'https://en.wikipedia.org/wiki/2019_Formula_One_World_Championship'}, {'year': 2020, 'url': 'https://en.wikipedia.org/wiki/2020_Formula_One_World_Championship'}, {'year': 2021, 'url': 'https://en.wikipedia.org/wiki/2021_Formula_One_World_Championship'}, {'year': 2022, 'url': 'https://en.wikipedia.org/wiki/2022_Formula_One_World_Championship'}, {'year': 2023, 'url': 'https://en.wikipedia.org/wiki/2023_Formula_One_World_Championship'}, {'year': 2024, 'url': 'https://en.wikipedia.org/wiki/2024_Formula_One_World_Championship'}, {'year': 2025, 'url': 'https://en.wikipedia.org/wiki/2025_Formula_One_World_Championship'}]",612,610,238,16356.5,248,239,658,12,13
"{'text': 'Motori Moderni', 'url': 'https://en.wikipedia.org/wiki/Motori_Moderni'}",former,"{'text': 'Italy', 'url': 'https://en.wikipedia.org/wiki/Italy'}","[{'year': 1985, 'url': 'https://en.wikipedia.org/wiki/1985_Formula_One_World_Championship'}, {'year': 1986, 'url': 'https://en.wikipedia.org/wiki/1986_Formula_One_World_Championship'}, {'year': 1987, 'url': 'https://en.wikipedia.org/wiki/1987_Formula_One_World_Championship'}]",46,44,0,0.0,0,0,0,0,0
"{'text': 'Mugen-Honda', 'url': 'https://en.wikipedia.org/wiki/Mugen_Honda'}",former,"{'text': 'Japan', 'url': 'https://en.wikipedia.org/wiki/Japan'}","[{'year': 1992, 'url': 'https://en.wikipedia.org/wiki/1992_Formula_One_World_Championship'}, {'year': 1993, 'url': 'https://en.wikipedia.org/wiki/1993_Formula_One_World_Championship'}, {'year': 1994, 'url': 'https://en.wikipedia.org/wiki/1994_Formula_One_World_Championship'}, {'year': 1995, 'url': 'https://en.wikipedia.org/wiki/1995_Formula_One_World_Championship'}, {'year': 1996, 'url': 'https://en.wikipedia.org/wiki/1996_Formula_One_World_Championship'}, {'year': 1997, 'url': 'https://en.wikipedia.org/wiki/1997_Formula_One_World_Championship'}, {'year': 1998, 'url': 'https://en.wikipedia.org/wiki/1998_Formula_One_World_Championship'}, {'year': 1999, 'url': 'https://en.wikipedia.org/wiki/1999_Formula_One_World_Championship'}, {'year': 2000, 'url': 'https://en.wikipedia.org/wiki/2000_Formula_One_World_Championship'}]",147,147,4,182.0,1,0,16,0,0
"{'text': 'OSCA', 'url': 'https://en.wikipedia.org/wiki/O.S.C.A.'}",former,"{'text': 'Italy', 'url': 'https://en.wikipedia.org/wiki/Italy'}","[{'year': 1951, 'url': 'https://en.wikipedia.org/wiki/1951_Formula_One_World_Championship'}, {'year': 1952, 'url': 'https://en.wikipedia.org/wiki/1952_Formula_One_World_Championship'}, {'year': 1953, 'url': 'https://en.wikipedia.org/wiki/1953_Formula_One_World_Championship'}, {'year': 1958, 'url': 'https://en.wikipedia.org/wiki/1958_Formula_One_World_Championship'}, {'year': 1959, 'url': 'https://en.wikipedia.org/wiki/1959_Formula_One_World_Championship'}, {'year': 1961, 'url': 'https://en.wikipedia.org/wiki/1961_Formula_One_World_Championship'}, {'year': 1962, 'url': 'https://en.wikipedia.org/wiki/1962_Formula_One_World_Championship'}]",12,8,0,0.0,0,0,0,0,0
"{'text': 'Osella', 'url': 'https://en.wikipedia.org/wiki/Osella'}",former,"{'text': 'Italy', 'url': 'https://en.wikipedia.org/wiki/Italy'}","[{'year': 1988, 'url': 'https://en.wikipedia.org/wiki/1988_Formula_One_World_Championship'}]",16,10,0,0.0,0,0,0,0,0
"{'text': 'Petronas', 'url': 'https://en.wikipedia.org/wiki/Sauber_Petronas_Engineering'}",former,"{'text': 'Italy', 'url': 'https://en.wikipedia.org/wiki/Italy'}","[{'year': 1997, 'url': 'https://en.wikipedia.org/wiki/1997_Formula_One_World_Championship'}, {'year': 1998, 'url': 'https://en.wikipedia.org/wiki/1998_Formula_One_World_Championship'}, {'year': 1999, 'url': 'https://en.wikipedia.org/wiki/1999_Formula_One_World_Championship'}, {'year': 2000, 'url': 'https://en.wikipedia.org/wiki/2000_Formula_One_World_Championship'}, {'year': 2001, 'url': 'https://en.wikipedia.org/wiki/2001_Formula_One_World_Championship'}, {'year': 2002, 'url': 'https://en.wikipedia.org/wiki/2002_Formula_One_World_Championship'}, {'year': 2003, 'url': 'https://en.wikipedia.org/wiki/2003_Formula_One_World_Championship'}, {'year': 2004, 'url': 'https://en.wikipedia.org/wiki/2004_Formula_One_World_Championship'}, {'year': 2005, 'url': 'https://en.wikipedia.org/wiki/2005_Formula_One_World_Championship'}]",153,151,0,142.0,0,0,4,0,0
"{'text': 'Peugeot', 'url': 'https://en.wikipedia.org/wiki/Peugeot'}",former,"{'text': 'France', 'url': 'https://en.wikipedia.org/wiki/France'}","[{'year': 1994, 'url': 'https://en.wikipedia.org/wiki/1994_Formula_One_World_Championship'}, {'year': 1995, 'url': 'https://en.wikipedia.org/wiki/1995_Formula_One_World_Championship'}, {'year': 1996, 'url': 'https://en.wikipedia.org/wiki/1996_Formula_One_World_Championship'}, {'year': 1997, 'url': 'https://en.wikipedia.org/wiki/1997_Formula_One_World_Championship'}, {'year': 1998, 'url': 'https://en.wikipedia.org/wiki/1998_Formula_One_World_Championship'}, {'year': 1999, 'url': 'https://en.wikipedia.org/wiki/1999_Formula_One_World_Championship'}, {'year': 2000, 'url': 'https://en.wikipedia.org/wiki/2000_Formula_One_World_Championship'}]",115,115,0,128.0,0,1,14,0,0
"{'text': 'Playlife', 'url': 'https://en.wikipedia.org/wiki/Playlife'}",former,"{'text': 'France', 'url': 'https://en.wikipedia.org/wiki/France'}","[{'year': 1998, 'url': 'https://en.wikipedia.org/wiki/1998_Formula_One_World_Championship'}, {'year': 1999, 'url': 'https://en.wikipedia.org/wiki/1999_Formula_One_World_Championship'}, {'year': 2000, 'url': 'https://en.wikipedia.org/wiki/2000_Formula_One_World_Championship'}]",49,49,0,69.0,1,1,6,0,0
"{'text': 'Porsche', 'url': 'https://en.wikipedia.org/wiki/Porsche_in_Formula_One'}",former,"{'text': 'Germany', 'url': 'https://en.wikipedia.org/wiki/Germany'}","[{'year': 1958, 'url': 'https://en.wikipedia.org/wiki/1958_Formula_One_World_Championship'}, {'year': 1959, 'url': 'https://en.wikipedia.org/wiki/1959_Formula_One_World_Championship'}, {'year': 1960, 'url': 'https://en.wikipedia.org/wiki/1960_Formula_One_World_Championship'}, {'year': 1961, 'url': 'https://en.wikipedia.org/wiki/1961_Formula_One_World_Championship'}, {'year': 1962, 'url': 'https://en.wikipedia.org/wiki/1962_Formula_One_World_Championship'}, {'year': 1963, 'url': 'https://en.wikipedia.org/wiki/1963_Formula_One_World_Championship'}, {'year': 1964, 'url': 'https://en.wikipedia.org/wiki/1964_Formula_One_World_Championship'}, {'year': 1991, 'url': 'https://en.wikipedia.org/wiki/1991_Formula_One_World_Championship'}]",39,35,1,48.0,1,0,5,0,0
"{'text': 'Pratt & Whitney', 'url': 'https://en.wikipedia.org/wiki/Pratt_%26_Whitney'}",former,"{'text': 'United States', 'url': 'https://en.wikipedia.org/wiki/United_States'}","[{'year': 1971, 'url': 'https://en.wikipedia.org/wiki/1971_Formula_One_World_Championship'}]",3,3,0,0.0,0,0,0,0,0
"{'text': 'Red Bull Powertrains', 'url': 'https://en.wikipedia.org/wiki/Red_Bull_Powertrains'}",former,"{'text': 'Japan', 'url': 'https://en.wikipedia.org/wiki/Japan'}","[{'year': 2022, 'url': 'https://en.wikipedia.org/wiki/2022_Formula_One_World_Championship'}]",22,22,17,794.0,8,8,28,1,1
"{'text': 'Renault', 'url': 'https://en.wikipedia.org/wiki/Renault_in_Formula_One'}",current,"{'text': 'France', 'url': 'https://en.wikipedia.org/wiki/France'}","[{'year': 1977, 'url': 'https://en.wikipedia.org/wiki/1977_Formula_One_World_Championship'}, {'year': 1978, 'url': 'https://en.wikipedia.org/wiki/1978_Formula_One_World_Championship'}, {'year': 1979, 'url': 'https://en.wikipedia.org/wiki/1979_Formula_One_World_Championship'}, {'year': 1980, 'url': 'https://en.wikipedia.org/wiki/1980_Formula_One_World_Championship'}, {'year': 1981, 'url': 'https://en.wikipedia.org/wiki/1981_Formula_One_World_Championship'}, {'year': 1982, 'url': 'https://en.wikipedia.org/wiki/1982_Formula_One_World_Championship'}, {'year': 1983, 'url': 'https://en.wikipedia.org/wiki/1983_Formula_One_World_Championship'}, {'year': 1984, 'url': 'https://en.wikipedia.org/wiki/1984_Formula_One_World_Championship'}, {'year': 1985, 'url': 'https://en.wikipedia.org/wiki/1985_Formula_One_World_Championship'}, {'year': 1986, 'url': 'https://en.wikipedia.org/wiki/1986_Formula_One_World_Championship'}, {'year': 1989, 'url': 'https://en.wikipedia.org/wiki/1989_Formula_One_World_Championship'}, {'year': 1990, 'url': 'https://en.wikipedia.org/wiki/1990_Formula_One_World_Championship'}, {'year': 1991, 'url': 'https://en.wikipedia.org/wiki/1991_Formula_One_World_Championship'}, {'year': 1992, 'url': 'https://en.wikipedia.org/wiki/1992_Formula_One_World_Championship'}, {'year': 1993, 'url': 'https://en.wikipedia.org/wiki/1993_Formula_One_World_Championship'}, {'year': 1994, 'url': 'https://en.wikipedia.org/wiki/1994_Formula_One_World_Championship'}, {'year': 1995, 'url': 'https://en.wikipedia.org/wiki/1995_Formula_One_World_Championship'}, {'year': 1996, 'url': 'https://en.wikipedia.org/wiki/1996_Formula_One_World_Championship'}, {'year': 1997, 'url': 'https://en.wikipedia.org/wiki/1997_Formula_One_World_Championship'}, {'year': 2001, 'url': 'https://en.wikipedia.org/wiki/2001_Formula_One_World_Championship'}, {'year': 2002, 'url': 'https://en.wikipedia.org/wiki/2002_Formula_One_World_Championship'}, {'year': 2003, 'url': 'https://en.wikipedia.org/wiki/2003_Formula_One_World_Championship'}, {'year': 2004, 'url': 'https://en.wikipedia.org/wiki/2004_Formula_One_World_Championship'}, {'year': 2005, 'url': 'https://en.wikipedia.org/wiki/2005_Formula_One_World_Championship'}, {'year': 2006, 'url': 'https://en.wikipedia.org/wiki/2006_Formula_One_World_Championship'}, {'year': 2007, 'url': 'https://en.wikipedia.org/wiki/2007_Formula_One_World_Championship'}, {'year': 2008, 'url': 'https://en.wikipedia.org/wiki/2008_Formula_One_World_Championship'}, {'year': 2009, 'url': 'https://en.wikipedia.org/wiki/2009_Formula_One_World_Championship'}, {'year': 2010, 'url': 'https://en.wikipedia.org/wiki/2010_Formula_One_World_Championship'}, {'year': 2011, 'url': 'https://en.wikipedia.org/wiki/2011_Formula_One_World_Championship'}, {'year': 2012, 'url': 'https://en.wikipedia.org/wiki/2012_Formula_One_World_Championship'}, {'year': 2013, 'url': 'https://en.wikipedia.org/wiki/2013_Formula_One_World_Championship'}, {'year': 2014, 'url': 'https://en.wikipedia.org/wiki/2014_Formula_One_World_Championship'}, {'year': 2015, 'url': 'https://en.wikipedia.org/wiki/2015_Formula_One_World_Championship'}, {'year': 2016, 'url': 'https://en.wikipedia.org/wiki/2016_Formula_One_World_Championship'}, {'year': 2017, 'url': 'https://en.wikipedia.org/wiki/2017_Formula_One_World_Championship'}, {'year': 2018, 'url': 'https://en.wikipedia.org/wiki/2018_Formula_One_World_Championship'}, {'year': 2019, 'url': 'https://en.wikipedia.org/wiki/2019_Formula_One_World_Championship'}, {'year': 2020, 'url': 'https://en.wikipedia.org/wiki/2020_Formula_One_World_Championship'}, {'year': 2021, 'url': 'https://en.wikipedia.org/wiki/2021_Formula_One_World_Championship'}, {'year': 2022, 'url': 'https://en.wikipedia.org/wiki/2022_Formula_One_World_Championship'}, {'year': 2023, 'url': 'https://en.wikipedia.org/wiki/2023_Formula_One_World_Championship'}, {'year': 2024, 'url': 'https://en.wikipedia.org/wiki/2024_Formula_One_World_Championship'}, {'year': 2025, 'url': 'https://en.wikipedia.org/wiki/2025_Formula_One_World_Championship'}]",773,770,169,8228.5,213,177,465,12,11
"{'text': 'Repco', 'url': 'https://en.wikipedia.org/wiki/Repco'}",former,"{'text': 'Australia', 'url': 'https://en.wikipedia.org/wiki/Australia'}","[{'year': 1966, 'url': 'https://en.wikipedia.org/wiki/1966_Formula_One_World_Championship'}, {'year': 1967, 'url': 'https://en.wikipedia.org/wiki/1967_Formula_One_World_Championship'}, {'year': 1968, 'url': 'https://en.wikipedia.org/wiki/1968_Formula_One_World_Championship'}, {'year': 1969, 'url': 'https://en.wikipedia.org/wiki/1969_Formula_One_World_Championship'}]",33,33,8,126.0,7,4,25,2,2
"{'text': 'Sauber', 'url': 'https://en.wikipedia.org/wiki/Sauber_Motorsport'}",former,"{'text': 'United Kingdom', 'url': 'https://en.wikipedia.org/wiki/United_Kingdom'}","[{'year': 1993, 'url': 'https://en.wikipedia.org/wiki/1993_Formula_One_World_Championship'}]",16,16,0,12.0,0,0,0,0,0
"{'text': 'Scarab', 'url': 'https://en.wikipedia.org/wiki/Scarab_(constructor)'}",former,"{'text': 'United States', 'url': 'https://en.wikipedia.org/wiki/United_States'}","[{'year': 1960, 'url': 'https://en.wikipedia.org/wiki/1960_Formula_One_World_Championship'}]",6,2,0,0.0,0,0,0,0,0
"{'text': 'Serenissima', 'url': 'https://en.wikipedia.org/wiki/Scuderia_Serenissima'}",former,"{'text': 'Italy', 'url': 'https://en.wikipedia.org/wiki/Italy'}","[{'year': 1966, 'url': 'https://en.wikipedia.org/wiki/1966_Formula_One_World_Championship'}]",3,1,0,1.0,0,0,0,0,0
"{'text': 'Subaru', 'url': 'https://en.wikipedia.org/wiki/Subaru'}",former,"{'text': 'Italy', 'url': 'https://en.wikipedia.org/wiki/Italy'}","[{'year': 1990, 'url': 'https://en.wikipedia.org/wiki/1990_Formula_One_World_Championship'}]",8,0,0,0.0,0,0,0,0,0
"{'text': 'Supertec', 'url': 'https://en.wikipedia.org/wiki/Supertec'}",former,"{'text': 'France', 'url': 'https://en.wikipedia.org/wiki/France'}","[{'year': 1999, 'url': 'https://en.wikipedia.org/wiki/1999_Formula_One_World_Championship'}, {'year': 2000, 'url': 'https://en.wikipedia.org/wiki/2000_Formula_One_World_Championship'}]",33,33,0,42.0,0,1,3,0,0
"{'text': 'TAG', 'url': 'https://en.wikipedia.org/wiki/Techniques_d%27Avant_Garde'}",former,"{'text': 'Germany', 'url': 'https://en.wikipedia.org/wiki/Germany'}","[{'year': 1983, 'url': 'https://en.wikipedia.org/wiki/1983_Formula_One_World_Championship'}, {'year': 1984, 'url': 'https://en.wikipedia.org/wiki/1984_Formula_One_World_Championship'}, {'year': 1985, 'url': 'https://en.wikipedia.org/wiki/1985_Formula_One_World_Championship'}, {'year': 1986, 'url': 'https://en.wikipedia.org/wiki/1986_Formula_One_World_Championship'}, {'year': 1987, 'url': 'https://en.wikipedia.org/wiki/1987_Formula_One_World_Championship'}]",68,68,25,405.5,7,18,54,2,3
"{'text': 'TAG Heuer', 'url': 'https://en.wikipedia.org/wiki/TAG_Heuer'}",former,"{'text': 'France', 'url': 'https://en.wikipedia.org/wiki/France'}","[{'year': 2016, 'url': 'https://en.wikipedia.org/wiki/2016_Formula_One_World_Championship'}, {'year': 2017, 'url': 'https://en.wikipedia.org/wiki/2017_Formula_One_World_Championship'}, {'year': 2018, 'url': 'https://en.wikipedia.org/wiki/2018_Formula_One_World_Championship'}]",62,62,9,1255.0,3,13,42,0,0
"{'text': 'Talbot', 'url': 'https://en.wikipedia.org/wiki/Talbot-Lago'}",former,"{'text': 'France', 'url': 'https://en.wikipedia.org/wiki/France'}","[{'year': 1950, 'url': 'https://en.wikipedia.org/wiki/1950_Formula_One_World_Championship'}, {'year': 1951, 'url': 'https://en.wikipedia.org/wiki/1951_Formula_One_World_Championship'}]",14,13,0,,0,0,2,,0
"{'text': 'Tecno', 'url': 'https://en.wikipedia.org/wiki/Tecno_(motorsport)'}",former,"{'text': 'Italy', 'url': 'https://en.wikipedia.org/wiki/Italy'}","[{'year': 1972, 'url': 'https://en.wikipedia.org/wiki/1972_Formula_One_World_Championship'}, {'year': 1973, 'url': 'https://en.wikipedia.org/wiki/1973_Formula_One_World_Championship'}]",13,10,0,1.0,0,0,0,0,0
"{'text': 'Toro Rosso', 'url': 'https://en.wikipedia.org/wiki/Scuderia_Toro_Rosso'}",former,"{'text': 'France', 'url': 'https://en.wikipedia.org/wiki/France'}","[{'year': 2017, 'url': 'https://en.wikipedia.org/wiki/2017_Formula_One_World_Championship'}]",20,20,0,53.0,0,0,0,0,0
"{'text': 'Toyota', 'url': 'https://en.wikipedia.org/wiki/Toyota_Racing_(Formula_One_team)'}",former,"{'text': 'Germany', 'url': 'https://en.wikipedia.org/wiki/Germany'}","[{'year': 2002, 'url': 'https://en.wikipedia.org/wiki/2002_Formula_One_World_Championship'}, {'year': 2003, 'url': 'https://en.wikipedia.org/wiki/2003_Formula_One_World_Championship'}, {'year': 2004, 'url': 'https://en.wikipedia.org/wiki/2004_Formula_One_World_Championship'}, {'year': 2005, 'url': 'https://en.wikipedia.org/wiki/2005_Formula_One_World_Championship'}, {'year': 2006, 'url': 'https://en.wikipedia.org/wiki/2006_Formula_One_World_Championship'}, {'year': 2007, 'url': 'https://en.wikipedia.org/wiki/2007_Formula_One_World_Championship'}, {'year': 2008, 'url': 'https://en.wikipedia.org/wiki/2008_Formula_One_World_Championship'}, {'year': 2009, 'url': 'https://en.wikipedia.org/wiki/2009_Formula_One_World_Championship'}]",140,140,0,384.0,3,4,17,0,0
"{'text': 'Vanwall', 'url': 'https://en.wikipedia.org/wiki/Vanwall'}",former,"{'text': 'United Kingdom', 'url': 'https://en.wikipedia.org/wiki/United_Kingdom'}","[{'year': 1954, 'url': 'https://en.wikipedia.org/wiki/1954_Formula_One_World_Championship'}, {'year': 1955, 'url': 'https://en.wikipedia.org/wiki/1955_Formula_One_World_Championship'}, {'year': 1956, 'url': 'https://en.wikipedia.org/wiki/1956_Formula_One_World_Championship'}, {'year': 1957, 'url': 'https://en.wikipedia.org/wiki/1957_Formula_One_World_Championship'}, {'year': 1958, 'url': 'https://en.wikipedia.org/wiki/1958_Formula_One_World_Championship'}, {'year': 1959, 'url': 'https://en.wikipedia.org/wiki/1959_Formula_One_World_Championship'}, {'year': 1960, 'url': 'https://en.wikipedia.org/wiki/1960_Formula_One_World_Championship'}]",29,28,9,57.0,7,6,13,1,0
"{'text': 'Veritas', 'url': 'https://en.wikipedia.org/wiki/Veritas_(automobile)'}",former,"{'text': 'Germany', 'url': 'https://en.wikipedia.org/wiki/Germany'}","[{'year': 1951, 'url': 'https://en.wikipedia.org/wiki/1951_Formula_One_World_Championship'}, {'year': 1952, 'url': 'https://en.wikipedia.org/wiki/1952_Formula_One_World_Championship'}, {'year': 1953, 'url': 'https://en.wikipedia.org/wiki/1953_Formula_One_World_Championship'}]",6,6,0,,0,0,0,,0
"{'text': 'Weslake', 'url': 'https://en.wikipedia.org/wiki/Weslake'}",former,"{'text': 'United Kingdom', 'url': 'https://en.wikipedia.org/wiki/United_Kingdom'}","[{'year': 1966, 'url': 'https://en.wikipedia.org/wiki/1966_Formula_One_World_Championship'}, {'year': 1967, 'url': 'https://en.wikipedia.org/wiki/1967_Formula_One_World_Championship'}, {'year': 1968, 'url': 'https://en.wikipedia.org/wiki/1968_Formula_One_World_Championship'}]",18,18,1,13.0,0,2,2,0,0
"{'text': 'Yamaha', 'url': 'https://en.wikipedia.org/wiki/Yamaha_Motor_Company'}",former,"{'text': 'Japan', 'url': 'https://en.wikipedia.org/wiki/Japan'}","[{'year': 1989, 'url': 'https://en.wikipedia.org/wiki/1989_Formula_One_World_Championship'}, {'year': 1991, 'url': 'https://en.wikipedia.org/wiki/1991_Formula_One_World_Championship'}, {'year': 1992, 'url': 'https://en.wikipedia.org/wiki/1992_Formula_One_World_Championship'}, {'year': 1993, 'url': 'https://en.wikipedia.org/wiki/1993_Formula_One_World_Championship'}, {'year': 1994, 'url': 'https://en.wikipedia.org/wiki/1994_Formula_One_World_Championship'}, {'year': 1995, 'url': 'https://en.wikipedia.org/wiki/1995_Formula_One_World_Championship'}, {'year': 1996, 'url': 'https://en.wikipedia.org/wiki/1996_Formula_One_World_Championship'}, {'year': 1997, 'url': 'https://en.wikipedia.org/wiki/1997_Formula_One_World_Championship'}]",130,116,0,36.0,0,0,2,0,0
"{'text': 'Zakspeed', 'url': 'https://en.wikipedia.org/wiki/Zakspeed'}",former,"{'text': 'Germany', 'url': 'https://en.wikipedia.org/wiki/Germany'}","[{'year': 1985, 'url': 'https://en.wikipedia.org/wiki/1985_Formula_One_World_Championship'}, {'year': 1986, 'url': 'https://en.wikipedia.org/wiki/1986_Formula_One_World_Championship'}, {'year': 1987, 'url': 'https://en.wikipedia.org/wiki/1987_Formula_One_World_Championship'}, {'year': 1988, 'url': 'https://en.wikipedia.org/wiki/1988_Formula_One_World_Championship'}]",57,51,0,2.0,0,0,0,0,0
