season,races,countries,first,last,drivers_champion_team,constructors_champion,winners
"{'text': '1950', 'url': 'https://en.wikipedia.org/wiki/1950_Formula_One_season'}",7,7,"{'text': 'British', 'url': 'https://en.wikipedia.org/wiki/1950_British_Grand_Prix'}","{'text': 'Italian', 'url': 'https://en.wikipedia.org/wiki/1950_Italian_Grand_Prix'}","[{'text': 'Giuseppe Farina', 'url': 'https://en.wikipedia.org/wiki/Giuseppe_Farina'}, {'text': 'Alfa Romeo', 'url': 'https://en.wikipedia.org/wiki/Alfa_Romeo_in_Formula_One'}]",[],3
"{'text': '1951', 'url': 'https://en.wikipedia.org/wiki/1951_Formula_One_season'}",8,8,"{'text': 'Swiss', 'url': 'https://en.wikipedia.org/wiki/1951_Swiss_Grand_Prix'}","{'text': 'Spanish', 'url': 'https://en.wikipedia.org/wiki/1951_Spanish_Grand_Prix'}","[{'text': 'Juan Manuel Fangio', 'url': 'https://en.wikipedia.org/wiki/Juan_Manuel_Fangio'}, {'text': 'Alfa Romeo', 'url': 'https://en.wikipedia.org/wiki/Alfa_Romeo_in_Formula_One'}]",[],
"{'text': '1952', 'url': 'https://en.wikipedia.org/wiki/1952_Formula_One_season'}",8,8,"{'text': 'Swiss', 'url': 'https://en.wikipedia.org/wiki/1952_Swiss_Grand_Prix'}","{'text': 'Italian', 'url': 'https://en.wikipedia.org/wiki/1952_Italian_Grand_Prix'}","[{'text': 'Alberto Ascari', 'url': 'https://en.wikipedia.org/wiki/Alberto_Ascari'}, {'text': 'Ferrari', 'url': 'https://en.wikipedia.org/wiki/Scuderia_Ferrari'}]",[],
"{'text': '1953', 'url': 'https://en.wikipedia.org/wiki/1953_Formula_One_season'}",9,9,"{'text': 'Argentine', 'url': 'https://en.wikipedia.org/wiki/1953_Argentine_Grand_Prix'}","{'text': 'Italian', 'url': 'https://en.wikipedia.org/wiki/1953_Italian_Grand_Prix'}","[{'text': 'Alberto Ascari', 'url': 'https://en.wikipedia.org/wiki/Alberto_Ascari'}, {'text': 'Ferrari', 'url': 'https://en.wikipedia.org/wiki/Scuderia_Ferrari'}]",[],
"{'text': '1954', 'url': 'https://en.wikipedia.org/wiki/1954_Formula_One_season'}",9,9,"{'text': 'Argentine', 'url': 'https://en.wikipedia.org/wiki/1954_Argentine_Grand_Prix'}","{'text': 'Spanish', 'url': 'https://en.wikipedia.org/wiki/1954_Spanish_Grand_Prix'}","[{'text': 'Juan Manuel Fangio', 'url': 'https://en.wikipedia.org/wiki/Juan_Manuel_Fangio'}, {'text': 'Maserati', 'url': 'https://en.wikipedia.org/wiki/Maserati_in_motorsport'}, {'text': 'Mercedes', 'url': 'https://en.wikipedia.org/wiki/Mercedes-Benz_in_Formula_One'}]",[],
"{'text': '1955', 'url': 'https://en.wikipedia.org/wiki/1955_Formula_One_season'}",7,7,"{'text': 'Argentine', 'url': 'https://en.wikipedia.org/wiki/1955_Argentine_Grand_Prix'}","{'text': 'Italian', 'url': 'https://en.wikipedia.org/wiki/1955_Italian_Grand_Prix'}","[{'text': 'Juan Manuel Fangio', 'url': 'https://en.wikipedia.org/wiki/Juan_Manuel_Fangio'}, {'text': 'Mercedes', 'url': 'https://en.wikipedia.org/wiki/Mercedes-Benz_in_Formula_One'}]",[],
"{'text': '1956', 'url': 'https://en.wikipedia.org/wiki/1956_Formula_One_season'}",8,8,"{'text': 'Argentine', 'url': 'https://en.wikipedia.org/wiki/1956_Argentine_Grand_Prix'}","{'text': 'Italian', 'url': 'https://en.wikipedia.org/wiki/1956_Italian_Grand_Prix'}","[{'text': 'Juan Manuel Fangio', 'url': 'https://en.wikipedia.org/wiki/Juan_Manuel_Fangio'}, {'text': 'Ferrari', 'url': 'https://en.wikipedia.org/wiki/Scuderia_Ferrari'}]",[],
"{'text': '1957', 'url': 'https://en.wikipedia.org/wiki/1957_Formula_One_season'}",8,7,"{'text': 'Argentine', 'url': 'https://en.wikipedia.org/wiki/1957_Argentine_Grand_Prix'}","{'text': 'Italian', 'url': 'https://en.wikipedia.org/wiki/1957_Italian_Grand_Prix'}","[{'text': 'Juan Manuel Fangio', 'url': 'https://en.wikipedia.org/wiki/Juan_Manuel_Fangio'}, {'text': 'Maserati', 'url': 'https://en.wikipedia.org/wiki/Maserati_in_motorsport'}]",[],
"{'text': '1958', 'url': 'https://en.wikipedia.org/wiki/1958_Formula_One_season'}",11,11,"{'text': 'Argentine', 'url': 'https://en.wikipedia.org/wiki/1958_Argentine_Grand_Prix'}","{'text': 'Moroccan', 'url': 'https://en.wikipedia.org/wiki/1958_Moroccan_Grand_Prix'}","[{'text': 'Mike Hawthorn', 'url': 'https://en.wikipedia.org/wiki/Mike_Hawthorn'}, {'text': 'Ferrari', 'url': 'https://en.wikipedia.org/wiki/Scuderia_Ferrari'}]","[{'text': 'Vanwall', 'url': 'https://en.wikipedia.org/wiki/Vanwall'}]",6
"{'text': '1959', 'url': 'https://en.wikipedia.org/wiki/1959_Formula_One_season'}",9,8,"{'text': 'Monaco', 'url': 'https://en.wikipedia.org/wiki/1959_Monaco_Grand_Prix'}","{'text': 'United States', 'url': 'https://en.wikipedia.org/wiki/1959_United_States_Grand_Prix'}","[{'text': 'Jack Brabham', 'url': 'https://en.wikipedia.org/wiki/Jack_Brabham'}, {'text': 'Cooper', 'url': 'https://en.wikipedia.org/wiki/Cooper_Car_Company'}]","[{'text': 'Cooper', 'url': 'https://en.wikipedia.org/wiki/Cooper_Car_Company'}, {'text': 'Climax', 'url': 'https://en.wikipedia.org/wiki/Coventry_Climax'}]",6
"{'text': '1960', 'url': 'https://en.wikipedia.org/wiki/1960_Formula_One_season'}",10,9,"{'text': 'Argentine', 'url': 'https://en.wikipedia.org/wiki/1960_Argentine_Grand_Prix'}","{'text': 'United States', 'url': 'https://en.wikipedia.org/wiki/1960_United_States_Grand_Prix'}","[{'text': 'Jack Brabham', 'url': 'https://en.wikipedia.org/wiki/Jack_Brabham'}, {'text': 'Cooper', 'url': 'https://en.wikipedia.org/wiki/Cooper_Car_Company'}]","[{'text': 'Cooper', 'url': 'https://en.wikipedia.org/wiki/Cooper_Car_Company'}, {'text': 'Climax', 'url': 'https://en.wikipedia.org/wiki/Coventry_Climax'}]",5
"{'text': '1961', 'url': 'https://en.wikipedia.org/wiki/1961_Formula_One_season'}",8,8,"{'text': 'Monaco', 'url': 'https://en.wikipedia.org/wiki/1961_Monaco_Grand_Prix'}","{'text': 'United States', 'url': 'https://en.wikipedia.org/wiki/1961_United_States_Grand_Prix'}","[{'text': 'Phil Hill', 'url': 'https://en.wikipedia.org/wiki/Phil_Hill'}, {'text': 'Ferrari', 'url': 'https://en.wikipedia.org/wiki/Scuderia_Ferrari'}]","[{'text': 'Ferrari', 'url': 'https://en.wikipedia.org/wiki/Scuderia_Ferrari'}]",5
"{'text': '1962', 'url': 'https://en.wikipedia.org/wiki/1962_Formula_One_season'}",9,9,"{'text': 'Dutch', 'url': 'https://en.wikipedia.org/wiki/1962_Dutch_Grand_Prix'}","{'text': 'South African', 'url': 'https://en.wikipedia.org/wiki/1962_South_African_Grand_Prix'}","[{'text': 'Graham Hill', 'url': 'https://en.wikipedia.org/wiki/Graham_Hill'}, {'text': 'BRM', 'url': 'https://en.wikipedia.org/wiki/British_Racing_Motors'}]","[{'text': 'BRM', 'url': 'https://en.wikipedia.org/wiki/British_Racing_Motors'}]",4
"{'text': '1963', 'url': 'https://en.wikipedia.org/wiki/1963_Formula_One_season'}",10,10,"{'text': 'Monaco', 'url': 'https://en.wikipedia.org/wiki/1963_Monaco_Grand_Prix'}","{'text': 'South African', 'url': 'https://en.wikipedia.org/wiki/1963_South_African_Grand_Prix'}","[{'text': 'Jim Clark', 'url': 'https://en.wikipedia.org/wiki/Jim_Clark'}, {'text': 'Lotus', 'url': 'https://en.wikipedia.org/wiki/Team_Lotus'}]","[{'text': 'Lotus', 'url': 'https://en.wikipedia.org/wiki/Team_Lotus'}, {'text': 'Climax', 'url': 'https://en.wikipedia.org/wiki/Coventry_Climax'}]",3
"{'text': '1964', 'url': 'https://en.wikipedia.org/wiki/1964_Formula_One_season'}",10,10,"{'text': 'Monaco', 'url': 'https://en.wikipedia.org/wiki/1964_Monaco_Grand_Prix'}","{'text': 'Mexican', 'url': 'https://en.wikipedia.org/wiki/1964_Mexican_Grand_Prix'}","[{'text': 'John Surtees', 'url': 'https://en.wikipedia.org/wiki/John_Surtees'}, {'text': 'Ferrari', 'url': 'https://en.wikipedia.org/wiki/Scuderia_Ferrari'}, {'text': 'NART', 'url': 'https://en.wikipedia.org/wiki/North_American_Racing_Team'}]","[{'text': 'Ferrari', 'url': 'https://en.wikipedia.org/wiki/Scuderia_Ferrari'}]",5
"{'text': '1965', 'url': 'https://en.wikipedia.org/wiki/1965_Formula_One_season'}",10,10,"{'text': 'South African', 'url': 'https://en.wikipedia.org/wiki/1965_South_African_Grand_Prix'}","{'text': 'Mexican', 'url': 'https://en.wikipedia.org/wiki/1965_Mexican_Grand_Prix'}","[{'text': 'Jim Clark', 'url': 'https://en.wikipedia.org/wiki/Jim_Clark'}, {'text': 'Lotus', 'url': 'https://en.wikipedia.org/wiki/Team_Lotus'}]","[{'text': 'Lotus', 'url': 'https://en.wikipedia.org/wiki/Team_Lotus'}, {'text': 'Climax', 'url': 'https://en.wikipedia.org/wiki/Coventry_Climax'}]",4
"{'text': '1966', 'url': 'https://en.wikipedia.org/wiki/1966_Formula_One_season'}",9,9,"{'text': 'Monaco', 'url': 'https://en.wikipedia.org/wiki/1966_Monaco_Grand_Prix'}","{'text': 'Mexican', 'url': 'https://en.wikipedia.org/wiki/1966_Mexican_Grand_Prix'}","[{'text': 'Jack Brabham', 'url': 'https://en.wikipedia.org/wiki/Jack_Brabham'}, {'text': 'Brabham', 'url': 'https://en.wikipedia.org/wiki/Brabham'}]","[{'text': 'Brabham', 'url': 'https://en.wikipedia.org/wiki/Brabham'}, {'text': 'Repco', 'url': 'https://en.wikipedia.org/wiki/Repco-Brabham_V8'}]",5
"{'text': '1967', 'url': 'https://en.wikipedia.org/wiki/1967_Formula_One_season'}",11,11,"{'text': 'South African', 'url': 'https://en.wikipedia.org/wiki/1967_South_African_Grand_Prix'}","{'text': 'Mexican', 'url': 'https://en.wikipedia.org/wiki/1967_Mexican_Grand_Prix'}","[{'text': 'Denny Hulme', 'url': 'https://en.wikipedia.org/wiki/Denny_Hulme'}, {'text': 'Brabham', 'url': 'https://en.wikipedia.org/wiki/Brabham'}]","[{'text': 'Brabham', 'url': 'https://en.wikipedia.org/wiki/Brabham'}, {'text': 'Repco', 'url': 'https://en.wikipedia.org/wiki/Repco-Brabham_V8'}]",7
"{'text': '1968', 'url': 'https://en.wikipedia.org/wiki/1968_Formula_One_season'}",12,12,"{'text': 'South African', 'url': 'https://en.wikipedia.org/wiki/1968_South_African_Grand_Prix'}","{'text': 'Mexican', 'url': 'https://en.wikipedia.org/wiki/1968_Mexican_Grand_Prix'}","[{'text': 'Graham Hill', 'url': 'https://en.wikipedia.org/wiki/Graham_Hill'}, {'text': 'Lotus', 'url': 'https://en.wikipedia.org/wiki/Team_Lotus'}]","[{'text': 'Lotus', 'url': 'https://en.wikipedia.org/wiki/Team_Lotus'}, {'text': 'Ford', 'url': 'https://en.wikipedia.org/wiki/Ford_Motor_Company'}]",7
"{'text': '1969', 'url': 'https://en.wikipedia.org/wiki/1969_Formula_One_season'}",11,11,"{'text': 'South African', 'url': 'https://en.wikipedia.org/wiki/1969_South_African_Grand_Prix'}","{'text': 'Mexican', 'url': 'https://en.wikipedia.org/wiki/1969_Mexican_Grand_Prix'}","[{'text': 'Jackie Stewart', 'url': 'https://en.wikipedia.org/wiki/Jackie_Stewart'}, {'text': 'Matra', 'url': 'https://en.wikipedia.org/wiki/Matra_International'}]","[{'text': 'Matra', 'url': 'https://en.wikipedia.org/wiki/Equipe_Matra_Sports'}, {'text': 'Ford', 'url': 'https://en.wikipedia.org/wiki/Ford_Motor_Company'}]",5
"{'text': '1970', 'url': 'https://en.wikipedia.org/wiki/1970_Formula_One_season'}",13,13,"{'text': 'South African', 'url': 'https://en.wikipedia.org/wiki/1970_South_African_Grand_Prix'}","{'text': 'Mexican', 'url': 'https://en.wikipedia.org/wiki/1970_Mexican_Grand_Prix'}","[{'text': 'Jochen Rindt', 'url': 'https://en.wikipedia.org/wiki/Jochen_Rindt'}, {'text': 'Lotus', 'url': 'https://en.wikipedia.org/wiki/Team_Lotus'}]","[{'text': 'Lotus', 'url': 'https://en.wikipedia.org/wiki/Team_Lotus'}, {'text': 'Ford', 'url': 'https://en.wikipedia.org/wiki/Ford_Motor_Company'}]",7
"{'text': '1971', 'url': 'https://en.wikipedia.org/wiki/1971_Formula_One_season'}",11,11,"{'text': 'South African', 'url': 'https://en.wikipedia.org/wiki/1971_South_African_Grand_Prix'}","{'text': 'United States', 'url': 'https://en.wikipedia.org/wiki/1971_United_States_Grand_Prix'}","[{'text': 'Jackie Stewart', 'url': 'https://en.wikipedia.org/wiki/Jackie_Stewart'}, {'text': 'Tyrrell', 'url': 'https://en.wikipedia.org/wiki/Tyrrell_Racing'}]","[{'text': 'Tyrrell', 'url': 'https://en.wikipedia.org/wiki/Tyrrell_Racing'}, {'text': 'Ford', 'url': 'https://en.wikipedia.org/wiki/Ford_Motor_Company'}]",6
"{'text': '1972', 'url': 'https://en.wikipedia.org/wiki/1972_Formula_One_season'}",12,12,"{'text': 'Argentine', 'url': 'https://en.wikipedia.org/wiki/1972_Argentine_Grand_Prix'}","{'text': 'United States', 'url': 'https://en.wikipedia.org/wiki/1972_United_States_Grand_Prix'}","[{'text': 'Emerson Fittipaldi', 'url': 'https://en.wikipedia.org/wiki/Emerson_Fittipaldi'}, {'text': 'Lotus', 'url': 'https://en.wikipedia.org/wiki/Team_Lotus'}]","[{'text': 'Lotus', 'url': 'https://en.wikipedia.org/wiki/Team_Lotus'}, {'text': 'Ford', 'url': 'https://en.wikipedia.org/wiki/Ford_Motor_Company'}]",5
"{'text': '1973', 'url': 'https://en.wikipedia.org/wiki/1973_Formula_One_season'}",15,15,"{'text': 'Argentine', 'url': 'https://en.wikipedia.org/wiki/1973_Argentine_Grand_Prix'}","{'text': 'United States', 'url': 'https://en.wikipedia.org/wiki/1973_United_States_Grand_Prix'}","[{'text': 'Jackie Stewart', 'url': 'https://en.wikipedia.org/wiki/Jackie_Stewart'}, {'text': 'Tyrrell', 'url': 'https://en.wikipedia.org/wiki/Tyrrell_Racing'}]","[{'text': 'Lotus', 'url': 'https://en.wikipedia.org/wiki/Team_Lotus'}, {'text': 'Ford', 'url': 'https://en.wikipedia.org/wiki/Ford_Motor_Company'}]",5
"{'text': '1974', 'url': 'https://en.wikipedia.org/wiki/1974_Formula_One_season'}",15,15,"{'text': 'Argentine', 'url': 'https://en.wikipedia.org/wiki/1974_Argentine_Grand_Prix'}","{'text': 'United States', 'url': 'https://en.wikipedia.org/wiki/1974_United_States_Grand_Prix'}","[{'text': 'Emerson Fittipaldi', 'url': 'https://en.wikipedia.org/wiki/Emerson_Fittipaldi'}, {'text': 'McLaren', 'url': 'https://en.wikipedia.org/wiki/McLaren'}]","[{'text': 'McLaren', 'url': 'https://en.wikipedia.org/wiki/McLaren'}, {'text': 'Ford', 'url': 'https://en.wikipedia.org/wiki/Ford_Motor_Company'}]",7
"{'text': '1975', 'url': 'https://en.wikipedia.org/wiki/1975_Formula_One_season'}",14,14,"{'text': 'Argentine', 'url': 'https://en.wikipedia.org/wiki/1975_Argentine_Grand_Prix'}","{'text': 'United States', 'url': 'https://en.wikipedia.org/wiki/1975_United_States_Grand_Prix'}","[{'text': 'Niki Lauda', 'url': 'https://en.wikipedia.org/wiki/Niki_Lauda'}, {'text': 'Ferrari', 'url': 'https://en.wikipedia.org/wiki/Scuderia_Ferrari'}]","[{'text': 'Ferrari', 'url': 'https://en.wikipedia.org/wiki/Scuderia_Ferrari'}]",9
"{'text': '1976', 'url': 'https://en.wikipedia.org/wiki/1976_Formula_One_season'}",16,15,"{'text': 'Brazilian', 'url': 'https://en.wikipedia.org/wiki/1976_Brazilian_Grand_Prix'}","{'text': 'Japanese', 'url': 'https://en.wikipedia.org/wiki/1976_Japanese_Grand_Prix'}","[{'text': 'James Hunt', 'url': 'https://en.wikipedia.org/wiki/James_Hunt'}, {'text': 'McLaren', 'url': 'https://en.wikipedia.org/wiki/McLaren'}]","[{'text': 'Ferrari', 'url': 'https://en.wikipedia.org/wiki/Scuderia_Ferrari'}]",7
"{'text': '1977', 'url': 'https://en.wikipedia.org/wiki/1977_Formula_One_season'}",17,16,"{'text': 'Argentine', 'url': 'https://en.wikipedia.org/wiki/1977_Argentine_Grand_Prix'}","{'text': 'Japanese', 'url': 'https://en.wikipedia.org/wiki/1977_Japanese_Grand_Prix'}","[{'text': 'Niki Lauda', 'url': 'https://en.wikipedia.org/wiki/Niki_Lauda'}, {'text': 'Ferrari', 'url': 'https://en.wikipedia.org/wiki/Scuderia_Ferrari'}]","[{'text': 'Ferrari', 'url': 'https://en.wikipedia.org/wiki/Scuderia_Ferrari'}]",8
"{'text': '1978', 'url': 'https://en.wikipedia.org/wiki/1978_Formula_One_season'}",16,15,"{'text': 'Argentine', 'url': 'https://en.wikipedia.org/wiki/1978_Argentine_Grand_Prix'}","{'text': 'Canadian', 'url': 'https://en.wikipedia.org/wiki/1978_Canadian_Grand_Prix'}","[{'text': 'Mario Andretti', 'url': 'https://en.wikipedia.org/wiki/Mario_Andretti'}, {'text': 'Lotus', 'url': 'https://en.wikipedia.org/wiki/Team_Lotus'}]","[{'text': 'Lotus', 'url': 'https://en.wikipedia.org/wiki/Team_Lotus'}, {'text': 'Ford', 'url': 'https://en.wikipedia.org/wiki/Ford_Motor_Company'}]",6
"{'text': '1979', 'url': 'https://en.wikipedia.org/wiki/1979_Formula_One_season'}",15,14,"{'text': 'Argentine', 'url': 'https://en.wikipedia.org/wiki/1979_Argentine_Grand_Prix'}","{'text': 'United States', 'url': 'https://en.wikipedia.org/wiki/1979_United_States_Grand_Prix'}","[{'text': 'Jody Scheckter', 'url': 'https://en.wikipedia.org/wiki/Jody_Scheckter'}, {'text': 'Ferrari', 'url': 'https://en.wikipedia.org/wiki/Scuderia_Ferrari'}]","[{'text': 'Ferrari', 'url': 'https://en.wikipedia.org/wiki/Scuderia_Ferrari'}]",7
"{'text': '1980', 'url': 'https://en.wikipedia.org/wiki/1980_Formula_One_season'}",14,13,"{'text': 'Argentine', 'url': 'https://en.wikipedia.org/wiki/1980_Argentine_Grand_Prix'}","{'text': 'United States', 'url': 'https://en.wikipedia.org/wiki/1980_United_States_Grand_Prix'}","[{'text': 'Alan Jones', 'url': 'https://en.wikipedia.org/wiki/Alan_Jones_(racing_driver)'}, {'text': 'Williams', 'url': 'https://en.wikipedia.org/wiki/Williams_Grand_Prix_Engineering'}]","[{'text': 'Williams', 'url': 'https://en.wikipedia.org/wiki/Williams_Grand_Prix_Engineering'}, {'text': 'Ford', 'url': 'https://en.wikipedia.org/wiki/Ford_Motor_Company'}]",7
"{'text': '1981', 'url': 'https://en.wikipedia.org/wiki/1981_Formula_One_World_Championship'}",15,13,"{'text': 'United States West', 'url': 'https://en.wikipedia.org/wiki/1981_United_States_Grand_Prix_West'}","{'text': 'Caesars Palace', 'url': 'https://en.wikipedia.org/wiki/1981_Caesars_Palace_Grand_Prix'}","[{'text': 'Nelson Piquet', 'url': 'https://en.wikipedia.org/wiki/Nelson_Piquet'}, {'text': 'Brabham', 'url': 'https://en.wikipedia.org/wiki/Brabham'}]","[{'text': 'Williams', 'url': 'https://en.wikipedia.org/wiki/Williams_Grand_Prix_Engineering'}, {'text': 'Ford', 'url': 'https://en.wikipedia.org/wiki/Ford_Motor_Company'}]",7
"{'text': '1982', 'url': 'https://en.wikipedia.org/wiki/1982_Formula_One_World_Championship'}",16,12,"{'text': 'South African', 'url': 'https://en.wikipedia.org/wiki/1982_South_African_Grand_Prix'}","{'text': 'Caesars Palace', 'url': 'https://en.wikipedia.org/wiki/1982_Caesars_Palace_Grand_Prix'}","[{'text': 'Keke Rosberg', 'url': 'https://en.wikipedia.org/wiki/Keke_Rosberg'}, {'text': 'Williams', 'url': 'https://en.wikipedia.org/wiki/Williams_Grand_Prix_Engineering'}]","[{'text': 'Ferrari', 'url': 'https://en.wikipedia.org/wiki/Scuderia_Ferrari'}]",11
"{'text': '1983', 'url': 'https://en.wikipedia.org/wiki/1983_Formula_One_World_Championship'}",15,13,"{'text': 'Brazilian', 'url': 'https://en.wikipedia.org/wiki/1983_Brazilian_Grand_Prix'}","{'text': 'South African', 'url': 'https://en.wikipedia.org/wiki/1983_South_African_Grand_Prix'}","[{'text': 'Nelson Piquet', 'url': 'https://en.wikipedia.org/wiki/Nelson_Piquet'}, {'text': 'Brabham', 'url': 'https://en.wikipedia.org/wiki/Brabham'}]","[{'text': 'Ferrari', 'url': 'https://en.wikipedia.org/wiki/Scuderia_Ferrari'}]",8
"{'text': '1984', 'url': 'https://en.wikipedia.org/wiki/1984_Formula_One_World_Championship'}",16,14,"{'text': 'Brazilian', 'url': 'https://en.wikipedia.org/wiki/1984_Brazilian_Grand_Prix'}","{'text': 'Portuguese', 'url': 'https://en.wikipedia.org/wiki/1984_Portuguese_Grand_Prix'}","[{'text': 'Niki Lauda', 'url': 'https://en.wikipedia.org/wiki/Niki_Lauda'}, {'text': 'McLaren', 'url': 'https://en.wikipedia.org/wiki/McLaren'}]","[{'text': 'McLaren', 'url': 'https://en.wikipedia.org/wiki/McLaren'}, {'text': 'TAG', 'url': 'https://en.wikipedia.org/wiki/Techniques_d%27Avant_Garde'}]",5
"{'text': '1985', 'url': 'https://en.wikipedia.org/wiki/1985_Formula_One_World_Championship'}",16,14,"{'text': 'Brazilian', 'url': 'https://en.wikipedia.org/wiki/1985_Brazilian_Grand_Prix'}","{'text': 'Australian', 'url': 'https://en.wikipedia.org/wiki/1985_Australian_Grand_Prix'}","[{'text': 'Alain Prost', 'url': 'https://en.wikipedia.org/wiki/Alain_Prost'}, {'text': 'McLaren', 'url': 'https://en.wikipedia.org/wiki/McLaren'}]","[{'text': 'McLaren', 'url': 'https://en.wikipedia.org/wiki/McLaren'}, {'text': 'TAG', 'url': 'https://en.wikipedia.org/wiki/Techniques_d%27Avant_Garde'}]",8
"{'text': '1986', 'url': 'https://en.wikipedia.org/wiki/1986_Formula_One_World_Championship'}",16,15,"{'text': 'Brazilian', 'url': 'https://en.wikipedia.org/wiki/1986_Brazilian_Grand_Prix'}","{'text': 'Australian', 'url': 'https://en.wikipedia.org/wiki/1986_Australian_Grand_Prix'}","[{'text': 'Alain Prost', 'url': 'https://en.wikipedia.org/wiki/Alain_Prost'}, {'text': 'McLaren', 'url': 'https://en.wikipedia.org/wiki/McLaren'}]","[{'text': 'Williams', 'url': 'https://en.wikipedia.org/wiki/Williams_Grand_Prix_Engineering'}, {'text': 'Honda', 'url': 'https://en.wikipedia.org/wiki/Honda_in_Formula_One'}]",5
"{'text': '1987', 'url': 'https://en.wikipedia.org/wiki/1987_Formula_One_World_Championship'}",16,15,"{'text': 'Brazilian', 'url': 'https://en.wikipedia.org/wiki/1987_Brazilian_Grand_Prix'}","{'text': 'Australian', 'url': 'https://en.wikipedia.org/wiki/1987_Australian_Grand_Prix'}","[{'text': 'Nelson Piquet', 'url': 'https://en.wikipedia.org/wiki/Nelson_Piquet'}, {'text': 'Williams', 'url': 'https://en.wikipedia.org/wiki/Williams_Grand_Prix_Engineering'}]","[{'text': 'Williams', 'url': 'https://en.wikipedia.org/wiki/Williams_Grand_Prix_Engineering'}, {'text': 'Honda', 'url': 'https://en.wikipedia.org/wiki/Honda_in_Formula_One'}]",5
"{'text': '1988', 'url': 'https://en.wikipedia.org/wiki/1988_Formula_One_World_Championship'}",16,15,"{'text': 'Brazilian', 'url': 'https://en.wikipedia.org/wiki/1988_Brazilian_Grand_Prix'}","{'text': 'Australian', 'url': 'https://en.wikipedia.org/wiki/1988_Australian_Grand_Prix'}","[{'text': 'Ayrton Senna', 'url': 'https://en.wikipedia.org/wiki/Ayrton_Senna'}, {'text': 'McLaren', 'url': 'https://en.wikipedia.org/wiki/McLaren'}]","[{'text': 'McLaren', 'url': 'https://en.wikipedia.org/wiki/McLaren'}, {'text': 'Honda', 'url': 'https://en.wikipedia.org/wiki/Honda_in_Formula_One'}]",3
"{'text': '1989', 'url': 'https://en.wikipedia.org/wiki/1989_Formula_One_World_Championship'}",16,15,"{'text': 'Brazilian', 'url': 'https://en.wikipedia.org/wiki/1989_Brazilian_Grand_Prix'}","{'text': 'Australian', 'url': 'https://en.wikipedia.org/wiki/1989_Australian_Grand_Prix'}","[{'text': 'Alain Prost', 'url': 'https://en.wikipedia.org/wiki/Alain_Prost'}, {'text': 'McLaren', 'url': 'https://en.wikipedia.org/wiki/McLaren'}]","[{'text': 'McLaren', 'url': 'https://en.wikipedia.org/wiki/McLaren'}, {'text': 'Honda', 'url': 'https://en.wikipedia.org/wiki/Honda_in_Formula_One'}]",6
"{'text': '1990', 'url': 'https://en.wikipedia.org/wiki/1990_Formula_One_World_Championship'}",16,15,"{'text': 'United States', 'url': 'https://en.wikipedia.org/wiki/1990_United_States_Grand_Prix'}","{'text': 'Australian', 'url': 'https://en.wikipedia.org/wiki/1990_Australian_Grand_Prix'}","[{'text': 'Ayrton Senna', 'url': 'https://en.wikipedia.org/wiki/Ayrton_Senna'}, {'text': 'McLaren', 'url': 'https://en.wikipedia.org/wiki/McLaren'}]","[{'text': 'McLaren', 'url': 'https://en.wikipedia.org/wiki/McLaren'}, {'text': 'Honda', 'url': 'https://en.wikipedia.org/wiki/Honda_in_Formula_One'}]",6
"{'text': '1991', 'url': 'https://en.wikipedia.org/wiki/1991_Formula_One_World_Championship'}",16,15,"{'text': 'United States', 'url': 'https://en.wikipedia.org/wiki/1991_United_States_Grand_Prix'}","{'text': 'Australian', 'url': 'https://en.wikipedia.org/wiki/1991_Australian_Grand_Prix'}","[{'text': 'Ayrton Senna', 'url': 'https://en.wikipedia.org/wiki/Ayrton_Senna'}, {'text': 'McLaren', 'url': 'https://en.wikipedia.org/wiki/McLaren'}]","[{'text': 'McLaren', 'url': 'https://en.wikipedia.org/wiki/McLaren'}, {'text': 'Honda', 'url': 'https://en.wikipedia.org/wiki/Honda_in_Formula_One'}]",5
"{'text': '1992', 'url': 'https://en.wikipedia.org/wiki/1992_Formula_One_World_Championship'}",16,15,"{'text': 'South African', 'url': 'https://en.wikipedia.org/wiki/1992_South_African_Grand_Prix'}","{'text': 'Australian', 'url': 'https://en.wikipedia.org/wiki/1992_Australian_Grand_Prix'}","[{'text': 'Nigel Mansell', 'url': 'https://en.wikipedia.org/wiki/Nigel_Mansell'}, {'text': 'Williams', 'url': 'https://en.wikipedia.org/wiki/Williams_Grand_Prix_Engineering'}]","[{'text': 'Williams', 'url': 'https://en.wikipedia.org/wiki/Williams_Grand_Prix_Engineering'}, {'text': 'Renault', 'url': 'https://en.wikipedia.org/wiki/Renault_in_Formula_One'}]",5
"{'text': '1993', 'url': 'https://en.wikipedia.org/wiki/1993_Formula_One_World_Championship'}",16,14,"{'text': 'South African', 'url': 'https://en.wikipedia.org/wiki/1993_South_African_Grand_Prix'}","{'text': 'Australian', 'url': 'https://en.wikipedia.org/wiki/1993_Australian_Grand_Prix'}","[{'text': 'Alain Prost', 'url': 'https://en.wikipedia.org/wiki/Alain_Prost'}, {'text': 'Williams', 'url': 'https://en.wikipedia.org/wiki/Williams_Grand_Prix_Engineering'}]","[{'text': 'Williams', 'url': 'https://en.wikipedia.org/wiki/Williams_Grand_Prix_Engineering'}, {'text': 'Renault', 'url': 'https://en.wikipedia.org/wiki/Renault_in_Formula_One'}]",4
"{'text': '1994', 'url': 'https://en.wikipedia.org/wiki/1994_Formula_One_World_Championship'}",16,13,"{'text': 'Brazilian', 'url': 'https://en.wikipedia.org/wiki/1994_Brazilian_Grand_Prix'}","{'text': 'Australian', 'url': 'https://en.wikipedia.org/wiki/1994_Australian_Grand_Prix'}","[{'text': 'Michael Schumacher', 'url': 'https://en.wikipedia.org/wiki/Michael_Schumacher'}, {'text': 'Benetton', 'url': 'https://en.wikipedia.org/wiki/Benetton_Formula'}]","[{'text': 'Williams', 'url': 'https://en.wikipedia.org/wiki/Williams_Grand_Prix_Engineering'}, {'text': 'Renault', 'url': 'https://en.wikipedia.org/wiki/Renault_in_Formula_One'}]",4
"{'text': '1995', 'url': 'https://en.wikipedia.org/wiki/1995_Formula_One_World_Championship'}",17,14,"{'text': 'Brazilian', 'url': 'https://en.wikipedia.org/wiki/1995_Brazilian_Grand_Prix'}","{'text': 'Australian', 'url': 'https://en.wikipedia.org/wiki/1995_Australian_Grand_Prix'}","[{'text': 'Michael Schumacher', 'url': 'https://en.wikipedia.org/wiki/Michael_Schumacher'}, {'text': 'Benetton', 'url': 'https://en.wikipedia.org/wiki/Benetton_Formula'}]","[{'text': 'Benetton', 'url': 'https://en.wikipedia.org/wiki/Benetton_Formula'}, {'text': 'Renault', 'url': 'https://en.wikipedia.org/wiki/Renault_in_Formula_One'}]",5
"{'text': '1996', 'url': 'https://en.wikipedia.org/wiki/1996_Formula_One_World_Championship'}",16,14,"{'text': 'Australian', 'url': 'https://en.wikipedia.org/wiki/1996_Australian_Grand_Prix'}","{'text': 'Japanese', 'url': 'https://en.wikipedia.org/wiki/1996_Japanese_Grand_Prix'}","[{'text': 'Damon Hill', 'url': 'https://en.wikipedia.org/wiki/Damon_Hill'}, {'text': 'Williams', 'url': 'https://en.wikipedia.org/wiki/Williams_Grand_Prix_Engineering'}]","[{'text': 'Williams', 'url': 'https://en.wikipedia.org/wiki/Williams_Grand_Prix_Engineering'}, {'text': 'Renault', 'url': 'https://en.wikipedia.org/wiki/Renault_in_Formula_One'}]",4
"{'text': '1997', 'url': 'https://en.wikipedia.org/wiki/1997_Formula_One_World_Championship'}",17,14,"{'text': 'Australian', 'url': 'https://en.wikipedia.org/wiki/1997_Australian_Grand_Prix'}","{'text': 'European', 'url': 'https://en.wikipedia.org/wiki/1997_European_Grand_Prix'}","[{'text': 'Jacques Villeneuve', 'url': 'https://en.wikipedia.org/wiki/Jacques_Villeneuve'}, {'text': 'Williams', 'url': 'https://en.wikipedia.org/wiki/Williams_Grand_Prix_Engineering'}]","[{'text': 'Williams', 'url': 'https://en.wikipedia.org/wiki/Williams_Grand_Prix_Engineering'}, {'text': 'Renault', 'url': 'https://en.wikipedia.org/wiki/Renault_in_Formula_One'}]",6
"{'text': '1998', 'url': 'https://en.wikipedia.org/wiki/1998_Formula_One_World_Championship'}",16,14,"{'text': 'Australian', 'url': 'https://en.wikipedia.org/wiki/1998_Australian_Grand_Prix'}","{'text': 'Japanese', 'url': 'https://en.wikipedia.org/wiki/1998_Japanese_Grand_Prix'}","[{'text': 'Mika Häkkinen', 'url': 'https://en.wikipedia.org/wiki/Mika_H%C3%A4kkinen'}, {'text': 'McLaren', 'url': 'https://en.wikipedia.org/wiki/McLaren'}]","[{'text': 'McLaren', 'url': 'https://en.wikipedia.org/wiki/McLaren'}, {'text': 'Mercedes', 'url': 'https://en.wikipedia.org/wiki/Mercedes_AMG_High_Performance_Powertrains'}]",4
"{'text': '1999', 'url': 'https://en.wikipedia.org/wiki/1999_Formula_One_World_Championship'}",16,14,"{'text': 'Australian', 'url': 'https://en.wikipedia.org/wiki/1999_Australian_Grand_Prix'}","{'text': 'Japanese', 'url': 'https://en.wikipedia.org/wiki/1999_Japanese_Grand_Prix'}","[{'text': 'Mika Häkkinen', 'url': 'https://en.wikipedia.org/wiki/Mika_H%C3%A4kkinen'}, {'text': 'McLaren', 'url': 'https://en.wikipedia.org/wiki/McLaren'}]","[{'text': 'Ferrari', 'url': 'https://en.wikipedia.org/wiki/Scuderia_Ferrari'}]",6
"{'text': '2000', 'url': 'https://en.wikipedia.org/wiki/2000_Formula_One_World_Championship'}",17,15,"{'text': 'Australian', 'url': 'https://en.wikipedia.org/wiki/2000_Australian_Grand_Prix'}","{'text': 'Malaysian', 'url': 'https://en.wikipedia.org/wiki/2000_Malaysian_Grand_Prix'}","[{'text': 'Michael Schumacher', 'url': 'https://en.wikipedia.org/wiki/Michael_Schumacher'}, {'text': 'Ferrari', 'url': 'https://en.wikipedia.org/wiki/Scuderia_Ferrari'}]","[{'text': 'Ferrari', 'url': 'https://en.wikipedia.org/wiki/Scuderia_Ferrari'}]",4
"{'text': '2001', 'url': 'https://en.wikipedia.org/wiki/2001_Formula_One_World_Championship'}",17,15,"{'text': 'Australian', 'url': 'https://en.wikipedia.org/wiki/2001_Australian_Grand_Prix'}","{'text': 'Japanese', 'url': 'https://en.wikipedia.org/wiki/2001_Japanese_Grand_Prix'}","[{'text': 'Michael Schumacher', 'url': 'https://en.wikipedia.org/wiki/Michael_Schumacher'}, {'text': 'Ferrari', 'url': 'https://en.wikipedia.org/wiki/Scuderia_Ferrari'}]","[{'text': 'Ferrari', 'url': 'https://en.wikipedia.org/wiki/Scuderia_Ferrari'}]",5
"{'text': '2002', 'url': 'https://en.wikipedia.org/wiki/2002_Formula_One_World_Championship'}",17,15,"{'text': 'Australian', 'url': 'https://en.wikipedia.org/wiki/2002_Australian_Grand_Prix'}","{'text': 'Japanese', 'url': 'https://en.wikipedia.org/wiki/2002_Japanese_Grand_Prix'}","[{'text': 'Michael Schumacher', 'url': 'https://en.wikipedia.org/wiki/Michael_Schumacher'}, {'text': 'Ferrari', 'url': 'https://en.wikipedia.org/wiki/Scuderia_Ferrari'}]","[{'text': 'Ferrari', 'url': 'https://en.wikipedia.org/wiki/Scuderia_Ferrari'}]",4
"{'text': '2003', 'url': 'https://en.wikipedia.org/wiki/2003_Formula_One_World_Championship'}",16,14,"{'text': 'Australian', 'url': 'https://en.wikipedia.org/wiki/2003_Australian_Grand_Prix'}","{'text': 'Japanese', 'url': 'https://en.wikipedia.org/wiki/2003_Japanese_Grand_Prix'}","[{'text': 'Michael Schumacher', 'url': 'https://en.wikipedia.org/wiki/Michael_Schumacher'}, {'text': 'Ferrari', 'url': 'https://en.wikipedia.org/wiki/Scuderia_Ferrari'}]","[{'text': 'Ferrari', 'url': 'https://en.wikipedia.org/wiki/Scuderia_Ferrari'}]",8
"{'text': '2004', 'url': 'https://en.wikipedia.org/wiki/2004_Formula_One_World_Championship'}",18,16,"{'text': 'Australian', 'url': 'https://en.wikipedia.org/wiki/2004_Australian_Grand_Prix'}","{'text': 'Brazilian', 'url': 'https://en.wikipedia.org/wiki/2004_Brazilian_Grand_Prix'}","[{'text': 'Michael Schumacher', 'url': 'https://en.wikipedia.org/wiki/Michael_Schumacher'}, {'text': 'Ferrari', 'url': 'https://en.wikipedia.org/wiki/Scuderia_Ferrari'}]","[{'text': 'Ferrari', 'url': 'https://en.wikipedia.org/wiki/Scuderia_Ferrari'}]",5
"{'text': '2005', 'url': 'https://en.wikipedia.org/wiki/2005_Formula_One_World_Championship'}",19,17,"{'text': 'Australian', 'url': 'https://en.wikipedia.org/wiki/2005_Australian_Grand_Prix'}","{'text': 'Chinese', 'url': 'https://en.wikipedia.org/wiki/2005_Chinese_Grand_Prix'}","[{'text': 'Fernando Alonso', 'url': 'https://en.wikipedia.org/wiki/Fernando_Alonso'}, {'text': 'Renault', 'url': 'https://en.wikipedia.org/wiki/Renault_in_Formula_One'}]","[{'text': 'Renault', 'url': 'https://en.wikipedia.org/wiki/Renault_in_Formula_One'}]",5
"{'text': '2006', 'url': 'https://en.wikipedia.org/wiki/2006_Formula_One_World_Championship'}",18,16,"{'text': 'Bahrain', 'url': 'https://en.wikipedia.org/wiki/2006_Bahrain_Grand_Prix'}","{'text': 'Brazilian', 'url': 'https://en.wikipedia.org/wiki/2006_Brazilian_Grand_Prix'}","[{'text': 'Fernando Alonso', 'url': 'https://en.wikipedia.org/wiki/Fernando_Alonso'}, {'text': 'Renault', 'url': 'https://en.wikipedia.org/wiki/Renault_in_Formula_One'}]","[{'text': 'Renault', 'url': 'https://en.wikipedia.org/wiki/Renault_in_Formula_One'}]",5
"{'text': '2007', 'url': 'https://en.wikipedia.org/wiki/2007_Formula_One_World_Championship'}",17,17,"{'text': 'Australian', 'url': 'https://en.wikipedia.org/wiki/2007_Australian_Grand_Prix'}","{'text': 'Brazilian', 'url': 'https://en.wikipedia.org/wiki/2007_Brazilian_Grand_Prix'}","[{'text': 'Kimi Räikkönen', 'url': 'https://en.wikipedia.org/wiki/Kimi_R%C3%A4ikk%C3%B6nen'}, {'text': 'Ferrari', 'url': 'https://en.wikipedia.org/wiki/Scuderia_Ferrari'}]","[{'text': 'Ferrari', 'url': 'https://en.wikipedia.org/wiki/Scuderia_Ferrari'}]",4
"{'text': '2008', 'url': 'https://en.wikipedia.org/wiki/2008_Formula_One_World_Championship'}",18,17,"{'text': 'Australian', 'url': 'https://en.wikipedia.org/wiki/2008_Australian_Grand_Prix'}","{'text': 'Brazilian', 'url': 'https://en.wikipedia.org/wiki/2008_Brazilian_Grand_Prix'}","[{'text': 'Lewis Hamilton', 'url': 'https://en.wikipedia.org/wiki/Lewis_Hamilton'}, {'text': 'McLaren', 'url': 'https://en.wikipedia.org/wiki/McLaren'}]","[{'text': 'Ferrari', 'url': 'https://en.wikipedia.org/wiki/Scuderia_Ferrari'}]",7
"{'text': '2009', 'url': 'https://en.wikipedia.org/wiki/2009_Formula_One_World_Championship'}",17,16,"{'text': 'Australian', 'url': 'https://en.wikipedia.org/wiki/2009_Australian_Grand_Prix'}","{'text': 'Abu Dhabi', 'url': 'https://en.wikipedia.org/wiki/2009_Abu_Dhabi_Grand_Prix'}","[{'text': 'Jenson Button', 'url': 'https://en.wikipedia.org/wiki/Jenson_Button'}, {'text': 'Brawn', 'url': 'https://en.wikipedia.org/wiki/Brawn_GP'}]","[{'text': 'Brawn', 'url': 'https://en.wikipedia.org/wiki/Brawn_GP'}, {'text': 'Mercedes', 'url': 'https://en.wikipedia.org/wiki/Mercedes_AMG_High_Performance_Powertrains'}]",6
"{'text': '2010', 'url': 'https://en.wikipedia.org/wiki/2010_Formula_One_World_Championship'}",19,18,"{'text': 'Bahrain', 'url': 'https://en.wikipedia.org/wiki/2010_Bahrain_Grand_Prix'}","{'text': 'Abu Dhabi', 'url': 'https://en.wikipedia.org/wiki/2010_Abu_Dhabi_Grand_Prix'}","[{'text': 'Sebastian Vettel', 'url': 'https://en.wikipedia.org/wiki/Sebastian_Vettel'}, {'text': 'Red Bull', 'url': 'https://en.wikipedia.org/wiki/Red_Bull_Racing'}]","[{'text': 'Red Bull', 'url': 'https://en.wikipedia.org/wiki/Red_Bull_Racing'}, {'text': 'Renault', 'url': 'https://en.wikipedia.org/wiki/Renault_in_Formula_One'}]",5
"{'text': '2011', 'url': 'https://en.wikipedia.org/wiki/2011_Formula_One_World_Championship'}",19,18,"{'text': 'Australian', 'url': 'https://en.wikipedia.org/wiki/2011_Australian_Grand_Prix'}","{'text': 'Brazilian', 'url': 'https://en.wikipedia.org/wiki/2011_Brazilian_Grand_Prix'}","[{'text': 'Sebastian Vettel', 'url': 'https://en.wikipedia.org/wiki/Sebastian_Vettel'}, {'text': 'Red Bull', 'url': 'https://en.wikipedia.org/wiki/Red_Bull_Racing'}]","[{'text': 'Red Bull', 'url': 'https://en.wikipedia.org/wiki/Red_Bull_Racing'}, {'text': 'Renault', 'url': 'https://en.wikipedia.org/wiki/Renault_in_Formula_One'}]",5
"{'text': '2012', 'url': 'https://en.wikipedia.org/wiki/2012_Formula_One_World_Championship'}",20,19,"{'text': 'Australian', 'url': 'https://en.wikipedia.org/wiki/2012_Australian_Grand_Prix'}","{'text': 'Brazilian', 'url': 'https://en.wikipedia.org/wiki/2012_Brazilian_Grand_Prix'}","[{'text': 'Sebastian Vettel', 'url': 'https://en.wikipedia.org/wiki/Sebastian_Vettel'}, {'text': 'Red Bull', 'url': 'https://en.wikipedia.org/wiki/Red_Bull_Racing'}]","[{'text': 'Red Bull', 'url': 'https://en.wikipedia.org/wiki/Red_Bull_Racing'}, {'text': 'Renault', 'url': 'https://en.wikipedia.org/wiki/Renault_in_Formula_One'}]",8
"{'text': '2013', 'url': 'https://en.wikipedia.org/wiki/2013_Formula_One_World_Championship'}",19,19,"{'text': 'Australian', 'url': 'https://en.wikipedia.org/wiki/2013_Australian_Grand_Prix'}","{'text': 'Brazilian', 'url': 'https://en.wikipedia.org/wiki/2013_Brazilian_Grand_Prix'}","[{'text': 'Sebastian Vettel', 'url': 'https://en.wikipedia.org/wiki/Sebastian_Vettel'}, {'text': 'Red Bull', 'url': 'https://en.wikipedia.org/wiki/Red_Bull_Racing'}]","[{'text': 'Red Bull', 'url': 'https://en.wikipedia.org/wiki/Red_Bull_Racing'}, {'text': 'Renault', 'url': 'https://en.wikipedia.org/wiki/Renault_in_Formula_One'}]",5
"{'text': '2014', 'url': 'https://en.wikipedia.org/wiki/2014_Formula_One_World_Championship'}",19,19,"{'text': 'Australian', 'url': 'https://en.wikipedia.org/wiki/2014_Australian_Grand_Prix'}","{'text': 'Abu Dhabi', 'url': 'https://en.wikipedia.org/wiki/2014_Abu_Dhabi_Grand_Prix'}","[{'text': 'Lewis Hamilton', 'url': 'https://en.wikipedia.org/wiki/Lewis_Hamilton'}, {'text': 'Mercedes', 'url': 'https://en.wikipedia.org/wiki/Mercedes-Benz_in_Formula_One'}]","[{'text': 'Mercedes', 'url': 'https://en.wikipedia.org/wiki/Mercedes-Benz_in_Formula_One'}]",3
"{'text': '2015', 'url': 'https://en.wikipedia.org/wiki/2015_Formula_One_World_Championship'}",19,19,"{'text': 'Australian', 'url': 'https://en.wikipedia.org/wiki/2015_Australian_Grand_Prix'}","{'text': 'Abu Dhabi', 'url': 'https://en.wikipedia.org/wiki/2015_Abu_Dhabi_Grand_Prix'}","[{'text': 'Lewis Hamilton', 'url': 'https://en.wikipedia.org/wiki/Lewis_Hamilton'}, {'text': 'Mercedes', 'url': 'https://en.wikipedia.org/wiki/Mercedes-Benz_in_Formula_One'}]","[{'text': 'Mercedes', 'url': 'https://en.wikipedia.org/wiki/Mercedes-Benz_in_Formula_One'}]",3
"{'text': '2016', 'url': 'https://en.wikipedia.org/wiki/2016_Formula_One_World_Championship'}",21,21,"{'text': 'Australian', 'url': 'https://en.wikipedia.org/wiki/2016_Australian_Grand_Prix'}","{'text': 'Abu Dhabi', 'url': 'https://en.wikipedia.org/wiki/2016_Abu_Dhabi_Grand_Prix'}","[{'text': 'Nico Rosberg', 'url': 'https://en.wikipedia.org/wiki/Nico_Rosberg'}, {'text': 'Mercedes', 'url': 'https://en.wikipedia.org/wiki/Mercedes-Benz_in_Formula_One'}]","[{'text': 'Mercedes', 'url': 'https://en.wikipedia.org/wiki/Mercedes-Benz_in_Formula_One'}]",4
"{'text': '2017', 'url': 'https://en.wikipedia.org/wiki/2017_Formula_One_World_Championship'}",20,20,"{'text': 'Australian', 'url': 'https://en.wikipedia.org/wiki/2017_Australian_Grand_Prix'}","{'text': 'Abu Dhabi', 'url': 'https://en.wikipedia.org/wiki/2017_Abu_Dhabi_Grand_Prix'}","[{'text': 'Lewis Hamilton', 'url': 'https://en.wikipedia.org/wiki/Lewis_Hamilton'}, {'text': 'Mercedes', 'url': 'https://en.wikipedia.org/wiki/Mercedes-Benz_in_Formula_One'}]","[{'text': 'Mercedes', 'url': 'https://en.wikipedia.org/wiki/Mercedes-Benz_in_Formula_One'}]",5
"{'text': '2018', 'url': 'https://en.wikipedia.org/wiki/2018_Formula_One_World_Championship'}",21,21,"{'text': 'Australian', 'url': 'https://en.wikipedia.org/wiki/2018_Australian_Grand_Prix'}","{'text': 'Abu Dhabi', 'url': 'https://en.wikipedia.org/wiki/2018_Abu_Dhabi_Grand_Prix'}","[{'text': 'Lewis Hamilton', 'url': 'https://en.wikipedia.org/wiki/Lewis_Hamilton'}, {'text': 'Mercedes', 'url': 'https://en.wikipedia.org/wiki/Mercedes-Benz_in_Formula_One'}]","[{'text': 'Mercedes', 'url': 'https://en.wikipedia.org/wiki/Mercedes-Benz_in_Formula_One'}]",5
"{'text': '2019', 'url': 'https://en.wikipedia.org/wiki/2019_Formula_One_World_Championship'}",21,21,"{'text': 'Australian', 'url': 'https://en.wikipedia.org/wiki/2019_Australian_Grand_Prix'}","{'text': 'Abu Dhabi', 'url': 'https://en.wikipedia.org/wiki/2019_Abu_Dhabi_Grand_Prix'}","[{'text': 'Lewis Hamilton', 'url': 'https://en.wikipedia.org/wiki/Lewis_Hamilton'}, {'text': 'Mercedes', 'url': 'https://en.wikipedia.org/wiki/Mercedes-Benz_in_Formula_One'}]","[{'text': 'Mercedes', 'url': 'https://en.wikipedia.org/wiki/Mercedes-Benz_in_Formula_One'}]",5
"{'text': '2020', 'url': 'https://en.wikipedia.org/wiki/2020_Formula_One_World_Championship'}",17,12,"{'text': 'Austrian', 'url': 'https://en.wikipedia.org/wiki/2020_Austrian_Grand_Prix'}","{'text': 'Abu Dhabi', 'url': 'https://en.wikipedia.org/wiki/2020_Abu_Dhabi_Grand_Prix'}","[{'text': 'Lewis Hamilton', 'url': 'https://en.wikipedia.org/wiki/Lewis_Hamilton'}, {'text': 'Mercedes', 'url': 'https://en.wikipedia.org/wiki/Mercedes-Benz_in_Formula_One'}]","[{'text': 'Mercedes', 'url': 'https://en.wikipedia.org/wiki/Mercedes-Benz_in_Formula_One'}]",5
"{'text': '2021', 'url': 'https://en.wikipedia.org/wiki/2021_Formula_One_World_Championship'}",22,20,"{'text': 'Bahrain', 'url': 'https://en.wikipedia.org/wiki/2021_Bahrain_Grand_Prix'}","{'text': 'Abu Dhabi', 'url': 'https://en.wikipedia.org/wiki/2021_Abu_Dhabi_Grand_Prix'}","[{'text': 'Max Verstappen', 'url': 'https://en.wikipedia.org/wiki/Max_Verstappen'}, {'text': 'Red Bull', 'url': 'https://en.wikipedia.org/wiki/Red_Bull_Racing'}]","[{'text': 'Mercedes', 'url': 'https://en.wikipedia.org/wiki/Mercedes-Benz_in_Formula_One'}]",6
"{'text': '2022', 'url': 'https://en.wikipedia.org/wiki/2022_Formula_One_World_Championship'}",22,20,"{'text': 'Bahrain', 'url': 'https://en.wikipedia.org/wiki/2022_Bahrain_Grand_Prix'}","{'text': 'Abu Dhabi', 'url': 'https://en.wikipedia.org/wiki/2022_Abu_Dhabi_Grand_Prix'}","[{'text': 'Max Verstappen', 'url': 'https://en.wikipedia.org/wiki/Max_Verstappen'}, {'text': 'Red Bull', 'url': 'https://en.wikipedia.org/wiki/Red_Bull_Racing'}]","[{'text': 'Red Bull', 'url': 'https://en.wikipedia.org/wiki/Red_Bull_Racing'}, {'text': 'RBPT', 'url': 'https://en.wikipedia.org/wiki/Red_Bull_Powertrains'}]",5
"{'text': '2023', 'url': 'https://en.wikipedia.org/wiki/2023_Formula_One_World_Championship'}",22,20,"{'text': 'Bahrain', 'url': 'https://en.wikipedia.org/wiki/2023_Bahrain_Grand_Prix'}","{'text': 'Abu Dhabi', 'url': 'https://en.wikipedia.org/wiki/2023_Abu_Dhabi_Grand_Prix'}","[{'text': 'Max Verstappen', 'url': 'https://en.wikipedia.org/wiki/Max_Verstappen'}, {'text': 'Red Bull', 'url': 'https://en.wikipedia.org/wiki/Red_Bull_Racing'}]","[{'text': 'Red Bull', 'url': 'https://en.wikipedia.org/wiki/Red_Bull_Racing'}, {'text': 'Honda RBPT', 'url': 'https://en.wikipedia.org/wiki/Honda_RBPT'}]",3
"{'text': '2024', 'url': 'https://en.wikipedia.org/wiki/2024_Formula_One_World_Championship'}",24,21,"{'text': 'Bahrain', 'url': 'https://en.wikipedia.org/wiki/2024_Bahrain_Grand_Prix'}","{'text': 'Abu Dhabi', 'url': 'https://en.wikipedia.org/wiki/2024_Abu_Dhabi_Grand_Prix'}","[{'text': 'Max Verstappen', 'url': 'https://en.wikipedia.org/wiki/Max_Verstappen'}, {'text': 'Red Bull', 'url': 'https://en.wikipedia.org/wiki/Red_Bull_Racing'}]","[{'text': 'McLaren', 'url': 'https://en.wikipedia.org/wiki/McLaren'}, {'text': 'Mercedes', 'url': 'https://en.wikipedia.org/wiki/Mercedes_AMG_High_Performance_Powertrains'}]",7
"{'text': '2025', 'url': 'https://en.wikipedia.org/wiki/2025_Formula_One_World_Championship'}",24,21,"{'text': 'Australian', 'url': 'https://en.wikipedia.org/wiki/2025_Australian_Grand_Prix'}","{'text': 'Abu Dhabi', 'url': 'https://en.wikipedia.org/wiki/2025_Abu_Dhabi_Grand_Prix'}",[],"[{'text': 'McLaren', 'url': 'https://en.wikipedia.org/wiki/McLaren'}, {'text': 'Mercedes', 'url': 'https://en.wikipedia.org/wiki/Mercedes_AMG_High_Performance_Powertrains'}]",4
