constructor,licensed_in,seasons,races_entered,races_started,drivers,total_entries,wins,points,poles,fastest_laps,podiums,wcc_titles,wdc_titles
"{'text': 'Alex von Falkenhausen Motorenbau', 'url': 'https://en.wikipedia.org/wiki/Alex_von_Falkenhausen_Motorenbau'}","[{'text': 'Germany', 'url': 'https://en.wikipedia.org/wiki/Germany'}]","[{'year': 1952, 'url': 'https://en.wikipedia.org/wiki/1952_Formula_One_World_Championship'}, {'year': 1953, 'url': 'https://en.wikipedia.org/wiki/1953_Formula_One_World_Championship'}]",4,4,5,7,0,,0,0,0,,0
"{'text': 'Automobiles Gonfaronnaises Sportives', 'url': 'https://en.wikipedia.org/wiki/Automobiles_Gonfaronnaises_Sportives'}","[{'text': 'France', 'url': 'https://en.wikipedia.org/wiki/France'}]","[{'year': 1986, 'url': 'https://en.wikipedia.org/wiki/1986_Formula_One_World_Championship'}, {'year': 1987, 'url': 'https://en.wikipedia.org/wiki/1987_Formula_One_World_Championship'}, {'year': 1988, 'url': 'https://en.wikipedia.org/wiki/1988_Formula_One_World_Championship'}, {'year': 1989, 'url': 'https://en.wikipedia.org/wiki/1989_Formula_One_World_Championship'}, {'year': 1990, 'url': 'https://en.wikipedia.org/wiki/1990_Formula_One_World_Championship'}, {'year': 1991, 'url': 'https://en.wikipedia.org/wiki/1991_Formula_One_World_Championship'}]",80,32,10,124,0,2,0,0,0,0,0
"{'text': 'Alfa Romeo', 'url': 'https://en.wikipedia.org/wiki/Alfa_Romeo_in_Formula_One'}","[{'text': 'Italy', 'url': 'https://en.wikipedia.org/wiki/Italy'}, {'text': 'Switzerland', 'url': 'https://en.wikipedia.org/wiki/Switzerland'}]","[{'year': 1950, 'url': 'https://en.wikipedia.org/wiki/1950_Formula_One_World_Championship'}, {'year': 1951, 'url': 'https://en.wikipedia.org/wiki/1951_Formula_One_World_Championship'}, {'year': 1979, 'url': 'https://en.wikipedia.org/wiki/1979_Formula_One_World_Championship'}, {'year': 1980, 'url': 'https://en.wikipedia.org/wiki/1980_Formula_One_World_Championship'}, {'year': 1981, 'url': 'https://en.wikipedia.org/wiki/1981_Formula_One_World_Championship'}, {'year': 1982, 'url': 'https://en.wikipedia.org/wiki/1982_Formula_One_World_Championship'}, {'year': 1983, 'url': 'https://en.wikipedia.org/wiki/1983_Formula_One_World_Championship'}, {'year': 1984, 'url': 'https://en.wikipedia.org/wiki/1984_Formula_One_World_Championship'}, {'year': 1985, 'url': 'https://en.wikipedia.org/wiki/1985_Formula_One_World_Championship'}, {'year': 2019, 'url': 'https://en.wikipedia.org/wiki/2019_Formula_One_World_Championship'}, {'year': 2020, 'url': 'https://en.wikipedia.org/wiki/2020_Formula_One_World_Championship'}, {'year': 2021, 'url': 'https://en.wikipedia.org/wiki/2021_Formula_One_World_Championship'}, {'year': 2022, 'url': 'https://en.wikipedia.org/wiki/2022_Formula_One_World_Championship'}, {'year': 2023, 'url': 'https://en.wikipedia.org/wiki/2023_Formula_One_World_Championship'}]",214,214,23,443,10,199,12,16,26,0,2
"{'text': 'Alfa Special', 'url': 'https://en.wikipedia.org/wiki/Alfa_Special'}","[{'text': 'South Africa', 'url': 'https://en.wikipedia.org/wiki/South_Africa'}]","[{'year': 1963, 'url': 'https://en.wikipedia.org/wiki/1963_Formula_One_World_Championship'}, {'year': 1965, 'url': 'https://en.wikipedia.org/wiki/1965_Formula_One_World_Championship'}]",2,2,1,2,0,0,0,0,0,0,0
"{'text': 'AlphaTauri', 'url': 'https://en.wikipedia.org/wiki/Scuderia_AlphaTauri'}","[{'text': 'Italy', 'url': 'https://en.wikipedia.org/wiki/Italy'}]","[{'year': 2020, 'url': 'https://en.wikipedia.org/wiki/2020_Formula_One_World_Championship'}, {'year': 2021, 'url': 'https://en.wikipedia.org/wiki/2021_Formula_One_World_Championship'}, {'year': 2022, 'url': 'https://en.wikipedia.org/wiki/2022_Formula_One_World_Championship'}, {'year': 2023, 'url': 'https://en.wikipedia.org/wiki/2023_Formula_One_World_Championship'}]",83,83,6,166,1,309,0,2,2,0,0
"{'text': 'Alta', 'url': 'https://en.wikipedia.org/wiki/Alta_Car_and_Engineering_Company'}","[{'text': 'United Kingdom', 'url': 'https://en.wikipedia.org/wiki/United_Kingdom'}]","[{'year': 1950, 'url': 'https://en.wikipedia.org/wiki/1950_Formula_One_World_Championship'}, {'year': 1951, 'url': 'https://en.wikipedia.org/wiki/1951_Formula_One_World_Championship'}, {'year': 1952, 'url': 'https://en.wikipedia.org/wiki/1952_Formula_One_World_Championship'}]",5,5,4,6,0,,0,0,0,,0
"{'text': 'Amon', 'url': 'https://en.wikipedia.org/wiki/Amon_(Formula_One_team)'}","[{'text': 'New Zealand', 'url': 'https://en.wikipedia.org/wiki/New_Zealand'}]","[{'year': 1974, 'url': 'https://en.wikipedia.org/wiki/1974_Formula_One_World_Championship'}]",4,1,2,4,0,0,0,0,0,0,0
"{'text': 'Andrea Moda', 'url': 'https://en.wikipedia.org/wiki/Andrea_Moda_Formula'}","[{'text': 'Italy', 'url': 'https://en.wikipedia.org/wiki/Italy'}]","[{'year': 1992, 'url': 'https://en.wikipedia.org/wiki/1992_Formula_One_World_Championship'}]",12,1,4,15,0,0,0,0,0,0,0
"{'text': 'Apollon', 'url': 'https://en.wikipedia.org/wiki/Apollon_(Formula_One)'}","[{'text': 'Switzerland', 'url': 'https://en.wikipedia.org/wiki/Switzerland'}]","[{'year': 1977, 'url': 'https://en.wikipedia.org/wiki/1977_Formula_One_World_Championship'}]",5,1,1,1,0,0,0,0,0,0,0
"{'text': 'Arrows', 'url': 'https://en.wikipedia.org/wiki/Arrows_Grand_Prix_International'}","[{'text': 'United Kingdom', 'url': 'https://en.wikipedia.org/wiki/United_Kingdom'}]","[{'year': 1978, 'url': 'https://en.wikipedia.org/wiki/1978_Formula_One_World_Championship'}, {'year': 1979, 'url': 'https://en.wikipedia.org/wiki/1979_Formula_One_World_Championship'}, {'year': 1980, 'url': 'https://en.wikipedia.org/wiki/1980_Formula_One_World_Championship'}, {'year': 1981, 'url': 'https://en.wikipedia.org/wiki/1981_Formula_One_World_Championship'}, {'year': 1982, 'url': 'https://en.wikipedia.org/wiki/1982_Formula_One_World_Championship'}, {'year': 1983, 'url': 'https://en.wikipedia.org/wiki/1983_Formula_One_World_Championship'}, {'year': 1984, 'url': 'https://en.wikipedia.org/wiki/1984_Formula_One_World_Championship'}, {'year': 1985, 'url': 'https://en.wikipedia.org/wiki/1985_Formula_One_World_Championship'}, {'year': 1986, 'url': 'https://en.wikipedia.org/wiki/1986_Formula_One_World_Championship'}, {'year': 1987, 'url': 'https://en.wikipedia.org/wiki/1987_Formula_One_World_Championship'}, {'year': 1988, 'url': 'https://en.wikipedia.org/wiki/1988_Formula_One_World_Championship'}, {'year': 1989, 'url': 'https://en.wikipedia.org/wiki/1989_Formula_One_World_Championship'}, {'year': 1990, 'url': 'https://en.wikipedia.org/wiki/1990_Formula_One_World_Championship'}, {'year': 1991, 'url': 'https://en.wikipedia.org/wiki/1991_Formula_One_World_Championship'}, {'year': 1992, 'url': 'https://en.wikipedia.org/wiki/1992_Formula_One_World_Championship'}, {'year': 1993, 'url': 'https://en.wikipedia.org/wiki/1993_Formula_One_World_Championship'}, {'year': 1994, 'url': 'https://en.wikipedia.org/wiki/1994_Formula_One_World_Championship'}, {'year': 1995, 'url': 'https://en.wikipedia.org/wiki/1995_Formula_One_World_Championship'}, {'year': 1996, 'url': 'https://en.wikipedia.org/wiki/1996_Formula_One_World_Championship'}, {'year': 1997, 'url': 'https://en.wikipedia.org/wiki/1997_Formula_One_World_Championship'}, {'year': 1998, 'url': 'https://en.wikipedia.org/wiki/1998_Formula_One_World_Championship'}, {'year': 1999, 'url': 'https://en.wikipedia.org/wiki/1999_Formula_One_World_Championship'}, {'year': 2000, 'url': 'https://en.wikipedia.org/wiki/2000_Formula_One_World_Championship'}, {'year': 2001, 'url': 'https://en.wikipedia.org/wiki/2001_Formula_One_World_Championship'}, {'year': 2002, 'url': 'https://en.wikipedia.org/wiki/2002_Formula_One_World_Championship'}]",394,383,36,783,0,167,1,0,8,0,0
"{'text': 'Arzani-Volpini', 'url': 'https://en.wikipedia.org/wiki/Arzani-Volpini'}","[{'text': 'Italy', 'url': 'https://en.wikipedia.org/wiki/Italy'}]","[{'year': 1955, 'url': 'https://en.wikipedia.org/wiki/1955_Formula_One_World_Championship'}]",1,0,1,1,0,,0,0,0,,0
"{'text': 'Aston Butterworth', 'url': 'https://en.wikipedia.org/wiki/Aston_Butterworth'}","[{'text': 'United Kingdom', 'url': 'https://en.wikipedia.org/wiki/United_Kingdom'}]","[{'year': 1952, 'url': 'https://en.wikipedia.org/wiki/1952_Formula_One_World_Championship'}]",4,1,2,4,0,,0,0,0,,0
"{'text': 'Automobili Turismo e Sport', 'url': 'https://en.wikipedia.org/wiki/Automobili_Turismo_e_Sport'}","[{'text': 'Italy', 'url': 'https://en.wikipedia.org/wiki/Italy'}]","[{'year': 1963, 'url': 'https://en.wikipedia.org/wiki/1963_Formula_One_World_Championship'}]",6,6,3,11,0,0,0,0,0,0,0
"{'text': 'Auto Technisches Spezialzubehör', 'url': 'https://en.wikipedia.org/wiki/ATS_(wheels)'}","[{'text': 'Germany', 'url': 'https://en.wikipedia.org/wiki/Germany'}]","[{'year': 1977, 'url': 'https://en.wikipedia.org/wiki/1977_Formula_One_World_Championship'}, {'year': 1978, 'url': 'https://en.wikipedia.org/wiki/1978_Formula_One_World_Championship'}, {'year': 1979, 'url': 'https://en.wikipedia.org/wiki/1979_Formula_One_World_Championship'}, {'year': 1980, 'url': 'https://en.wikipedia.org/wiki/1980_Formula_One_World_Championship'}, {'year': 1981, 'url': 'https://en.wikipedia.org/wiki/1981_Formula_One_World_Championship'}, {'year': 1982, 'url': 'https://en.wikipedia.org/wiki/1982_Formula_One_World_Championship'}, {'year': 1983, 'url': 'https://en.wikipedia.org/wiki/1983_Formula_One_World_Championship'}, {'year': 1984, 'url': 'https://en.wikipedia.org/wiki/1984_Formula_One_World_Championship'}]",107,89,15,146,0,7,0,0,0,0,0
"{'text': 'British American Racing', 'url': 'https://en.wikipedia.org/wiki/British_American_Racing'}","[{'text': 'United Kingdom', 'url': 'https://en.wikipedia.org/wiki/United_Kingdom'}]","[{'year': 1999, 'url': 'https://en.wikipedia.org/wiki/1999_Formula_One_World_Championship'}, {'year': 2000, 'url': 'https://en.wikipedia.org/wiki/2000_Formula_One_World_Championship'}, {'year': 2001, 'url': 'https://en.wikipedia.org/wiki/2001_Formula_One_World_Championship'}, {'year': 2002, 'url': 'https://en.wikipedia.org/wiki/2002_Formula_One_World_Championship'}, {'year': 2003, 'url': 'https://en.wikipedia.org/wiki/2003_Formula_One_World_Championship'}, {'year': 2004, 'url': 'https://en.wikipedia.org/wiki/2004_Formula_One_World_Championship'}, {'year': 2005, 'url': 'https://en.wikipedia.org/wiki/2005_Formula_One_World_Championship'}]",118,116,7,236,0,227,2,0,15,0,0
"{'text': 'Behra-Porsche', 'url': 'https://en.wikipedia.org/wiki/Behra-Porsche'}","[{'text': 'Germany', 'url': 'https://en.wikipedia.org/wiki/Germany'}]","[{'year': 1959, 'url': 'https://en.wikipedia.org/wiki/1959_Formula_One_World_Championship'}, {'year': 1960, 'url': 'https://en.wikipedia.org/wiki/1960_Formula_One_World_Championship'}]",4,2,4,4,0,0,0,0,0,0,0
"{'text': 'Bellasi', 'url': 'https://en.wikipedia.org/wiki/Bellasi'}","[{'text': 'Switzerland', 'url': 'https://en.wikipedia.org/wiki/Switzerland'}]","[{'year': 1970, 'url': 'https://en.wikipedia.org/wiki/1970_Formula_One_World_Championship'}, {'year': 1971, 'url': 'https://en.wikipedia.org/wiki/1971_Formula_One_World_Championship'}]",6,2,1,6,0,0,0,0,0,0,0
"{'text': 'Benetton', 'url': 'https://en.wikipedia.org/wiki/Benetton_Formula'}","[{'text': 'United Kingdom', 'url': 'https://en.wikipedia.org/wiki/United_Kingdom'}, {'text': 'Italy', 'url': 'https://en.wikipedia.org/wiki/Italy'}]","[{'year': 1986, 'url': 'https://en.wikipedia.org/wiki/1986_Formula_One_World_Championship'}, {'year': 1987, 'url': 'https://en.wikipedia.org/wiki/1987_Formula_One_World_Championship'}, {'year': 1988, 'url': 'https://en.wikipedia.org/wiki/1988_Formula_One_World_Championship'}, {'year': 1989, 'url': 'https://en.wikipedia.org/wiki/1989_Formula_One_World_Championship'}, {'year': 1990, 'url': 'https://en.wikipedia.org/wiki/1990_Formula_One_World_Championship'}, {'year': 1991, 'url': 'https://en.wikipedia.org/wiki/1991_Formula_One_World_Championship'}, {'year': 1992, 'url': 'https://en.wikipedia.org/wiki/1992_Formula_One_World_Championship'}, {'year': 1993, 'url': 'https://en.wikipedia.org/wiki/1993_Formula_One_World_Championship'}, {'year': 1994, 'url': 'https://en.wikipedia.org/wiki/1994_Formula_One_World_Championship'}, {'year': 1995, 'url': 'https://en.wikipedia.org/wiki/1995_Formula_One_World_Championship'}, {'year': 1996, 'url': 'https://en.wikipedia.org/wiki/1996_Formula_One_World_Championship'}, {'year': 1997, 'url': 'https://en.wikipedia.org/wiki/1997_Formula_One_World_Championship'}, {'year': 1998, 'url': 'https://en.wikipedia.org/wiki/1998_Formula_One_World_Championship'}, {'year': 1999, 'url': 'https://en.wikipedia.org/wiki/1999_Formula_One_World_Championship'}, {'year': 2000, 'url': 'https://en.wikipedia.org/wiki/2000_Formula_One_World_Championship'}, {'year': 2001, 'url': 'https://en.wikipedia.org/wiki/2001_Formula_One_World_Championship'}]",260,260,17,520,27,851,15,36,102,1,2
"{'text': 'Boro', 'url': 'https://en.wikipedia.org/wiki/Boro_(Formula_One)'}","[{'text': 'Netherlands', 'url': 'https://en.wikipedia.org/wiki/Netherlands'}]","[{'year': 1976, 'url': 'https://en.wikipedia.org/wiki/1976_Formula_One_World_Championship'}, {'year': 1977, 'url': 'https://en.wikipedia.org/wiki/1977_Formula_One_World_Championship'}]",8,6,4,8,0,0,0,0,0,0,0
"{'text': 'Brabham', 'url': 'https://en.wikipedia.org/wiki/Brabham'}","[{'text': 'United Kingdom', 'url': 'https://en.wikipedia.org/wiki/United_Kingdom'}]","[{'year': 1962, 'url': 'https://en.wikipedia.org/wiki/1962_Formula_One_World_Championship'}, {'year': 1963, 'url': 'https://en.wikipedia.org/wiki/1963_Formula_One_World_Championship'}, {'year': 1964, 'url': 'https://en.wikipedia.org/wiki/1964_Formula_One_World_Championship'}, {'year': 1965, 'url': 'https://en.wikipedia.org/wiki/1965_Formula_One_World_Championship'}, {'year': 1966, 'url': 'https://en.wikipedia.org/wiki/1966_Formula_One_World_Championship'}, {'year': 1967, 'url': 'https://en.wikipedia.org/wiki/1967_Formula_One_World_Championship'}, {'year': 1968, 'url': 'https://en.wikipedia.org/wiki/1968_Formula_One_World_Championship'}, {'year': 1969, 'url': 'https://en.wikipedia.org/wiki/1969_Formula_One_World_Championship'}, {'year': 1970, 'url': 'https://en.wikipedia.org/wiki/1970_Formula_One_World_Championship'}, {'year': 1971, 'url': 'https://en.wikipedia.org/wiki/1971_Formula_One_World_Championship'}, {'year': 1972, 'url': 'https://en.wikipedia.org/wiki/1972_Formula_One_World_Championship'}, {'year': 1973, 'url': 'https://en.wikipedia.org/wiki/1973_Formula_One_World_Championship'}, {'year': 1974, 'url': 'https://en.wikipedia.org/wiki/1974_Formula_One_World_Championship'}, {'year': 1975, 'url': 'https://en.wikipedia.org/wiki/1975_Formula_One_World_Championship'}, {'year': 1976, 'url': 'https://en.wikipedia.org/wiki/1976_Formula_One_World_Championship'}, {'year': 1977, 'url': 'https://en.wikipedia.org/wiki/1977_Formula_One_World_Championship'}, {'year': 1978, 'url': 'https://en.wikipedia.org/wiki/1978_Formula_One_World_Championship'}, {'year': 1979, 'url': 'https://en.wikipedia.org/wiki/1979_Formula_One_World_Championship'}, {'year': 1980, 'url': 'https://en.wikipedia.org/wiki/1980_Formula_One_World_Championship'}, {'year': 1981, 'url': 'https://en.wikipedia.org/wiki/1981_Formula_One_World_Championship'}, {'year': 1982, 'url': 'https://en.wikipedia.org/wiki/1982_Formula_One_World_Championship'}, {'year': 1983, 'url': 'https://en.wikipedia.org/wiki/1983_Formula_One_World_Championship'}, {'year': 1984, 'url': 'https://en.wikipedia.org/wiki/1984_Formula_One_World_Championship'}, {'year': 1985, 'url': 'https://en.wikipedia.org/wiki/1985_Formula_One_World_Championship'}, {'year': 1986, 'url': 'https://en.wikipedia.org/wiki/1986_Formula_One_World_Championship'}, {'year': 1987, 'url': 'https://en.wikipedia.org/wiki/1987_Formula_One_World_Championship'}, {'year': 1989, 'url': 'https://en.wikipedia.org/wiki/1989_Formula_One_World_Championship'}, {'year': 1990, 'url': 'https://en.wikipedia.org/wiki/1990_Formula_One_World_Championship'}, {'year': 1991, 'url': 'https://en.wikipedia.org/wiki/1991_Formula_One_World_Championship'}, {'year': 1992, 'url': 'https://en.wikipedia.org/wiki/1992_Formula_One_World_Championship'}]",403,394,39,995,35,843,39,41,124,2,4
"{'text': 'Brawn GP', 'url': 'https://en.wikipedia.org/wiki/Brawn_GP'}","[{'text': 'United Kingdom', 'url': 'https://en.wikipedia.org/wiki/United_Kingdom'}]","[{'year': 2009, 'url': 'https://en.wikipedia.org/wiki/2009_Formula_One_World_Championship'}]",17,17,2,34,8,172,5,4,15,1,1
"{'text': 'British Racing Motors', 'url': 'https://en.wikipedia.org/wiki/British_Racing_Motors'}","[{'text': 'United Kingdom', 'url': 'https://en.wikipedia.org/wiki/United_Kingdom'}]","[{'year': 1951, 'url': 'https://en.wikipedia.org/wiki/1951_Formula_One_World_Championship'}, {'year': 1956, 'url': 'https://en.wikipedia.org/wiki/1956_Formula_One_World_Championship'}, {'year': 1957, 'url': 'https://en.wikipedia.org/wiki/1957_Formula_One_World_Championship'}, {'year': 1958, 'url': 'https://en.wikipedia.org/wiki/1958_Formula_One_World_Championship'}, {'year': 1959, 'url': 'https://en.wikipedia.org/wiki/1959_Formula_One_World_Championship'}, {'year': 1960, 'url': 'https://en.wikipedia.org/wiki/1960_Formula_One_World_Championship'}, {'year': 1961, 'url': 'https://en.wikipedia.org/wiki/1961_Formula_One_World_Championship'}, {'year': 1962, 'url': 'https://en.wikipedia.org/wiki/1962_Formula_One_World_Championship'}, {'year': 1963, 'url': 'https://en.wikipedia.org/wiki/1963_Formula_One_World_Championship'}, {'year': 1964, 'url': 'https://en.wikipedia.org/wiki/1964_Formula_One_World_Championship'}, {'year': 1965, 'url': 'https://en.wikipedia.org/wiki/1965_Formula_One_World_Championship'}, {'year': 1966, 'url': 'https://en.wikipedia.org/wiki/1966_Formula_One_World_Championship'}, {'year': 1967, 'url': 'https://en.wikipedia.org/wiki/1967_Formula_One_World_Championship'}, {'year': 1968, 'url': 'https://en.wikipedia.org/wiki/1968_Formula_One_World_Championship'}, {'year': 1969, 'url': 'https://en.wikipedia.org/wiki/1969_Formula_One_World_Championship'}, {'year': 1970, 'url': 'https://en.wikipedia.org/wiki/1970_Formula_One_World_Championship'}, {'year': 1971, 'url': 'https://en.wikipedia.org/wiki/1971_Formula_One_World_Championship'}, {'year': 1972, 'url': 'https://en.wikipedia.org/wiki/1972_Formula_One_World_Championship'}, {'year': 1973, 'url': 'https://en.wikipedia.org/wiki/1973_Formula_One_World_Championship'}, {'year': 1974, 'url': 'https://en.wikipedia.org/wiki/1974_Formula_One_World_Championship'}, {'year': 1975, 'url': 'https://en.wikipedia.org/wiki/1975_Formula_One_World_Championship'}, {'year': 1976, 'url': 'https://en.wikipedia.org/wiki/1976_Formula_One_World_Championship'}, {'year': 1977, 'url': 'https://en.wikipedia.org/wiki/1977_Formula_One_World_Championship'}]",208,197,71,559,17,385,11,15,61,1,1
"{'text': 'British Racing Partnership', 'url': 'https://en.wikipedia.org/wiki/British_Racing_Partnership'}","[{'text': 'United Kingdom', 'url': 'https://en.wikipedia.org/wiki/United_Kingdom'}]","[{'year': 1963, 'url': 'https://en.wikipedia.org/wiki/1963_Formula_One_World_Championship'}, {'year': 1964, 'url': 'https://en.wikipedia.org/wiki/1964_Formula_One_World_Championship'}]",13,13,2,19,0,11,0,0,0,0,0
"{'text': 'Bugatti', 'url': 'https://en.wikipedia.org/wiki/Bugatti'}","[{'text': 'France', 'url': 'https://en.wikipedia.org/wiki/France'}]","[{'year': 1956, 'url': 'https://en.wikipedia.org/wiki/1956_Formula_One_World_Championship'}]",1,1,1,1,0,,0,0,0,,0
"{'text': 'Caterham', 'url': 'https://en.wikipedia.org/wiki/Caterham_F1'}","[{'text': 'Malaysia', 'url': 'https://en.wikipedia.org/wiki/Malaysia'}]","[{'year': 2012, 'url': 'https://en.wikipedia.org/wiki/2012_Formula_One_World_Championship'}, {'year': 2013, 'url': 'https://en.wikipedia.org/wiki/2013_Formula_One_World_Championship'}, {'year': 2014, 'url': 'https://en.wikipedia.org/wiki/2014_Formula_One_World_Championship'}]",56,56,8,112,0,0,0,0,0,0,0
"{'text': 'Cisitalia', 'url': 'https://en.wikipedia.org/wiki/Cisitalia'}","[{'text': 'Italy', 'url': 'https://en.wikipedia.org/wiki/Italy'}]","[{'year': 1952, 'url': 'https://en.wikipedia.org/wiki/1952_Formula_One_World_Championship'}]",1,0,1,1,0,,0,0,0,,0
"{'text': 'Coloni', 'url': 'https://en.wikipedia.org/wiki/Enzo_Coloni_Racing_Car_Systems'}","[{'text': 'Italy', 'url': 'https://en.wikipedia.org/wiki/Italy'}]","[{'year': 1987, 'url': 'https://en.wikipedia.org/wiki/1987_Formula_One_World_Championship'}, {'year': 1988, 'url': 'https://en.wikipedia.org/wiki/1988_Formula_One_World_Championship'}, {'year': 1989, 'url': 'https://en.wikipedia.org/wiki/1989_Formula_One_World_Championship'}, {'year': 1990, 'url': 'https://en.wikipedia.org/wiki/1990_Formula_One_World_Championship'}, {'year': 1991, 'url': 'https://en.wikipedia.org/wiki/1991_Formula_One_World_Championship'}]",65,13,8,81,0,0,0,0,0,0,0
"{'text': 'Connaught', 'url': 'https://en.wikipedia.org/wiki/Connaught_Engineering'}","[{'text': 'United Kingdom', 'url': 'https://en.wikipedia.org/wiki/United_Kingdom'}]","[{'year': 1952, 'url': 'https://en.wikipedia.org/wiki/1952_Formula_One_World_Championship'}, {'year': 1953, 'url': 'https://en.wikipedia.org/wiki/1953_Formula_One_World_Championship'}, {'year': 1954, 'url': 'https://en.wikipedia.org/wiki/1954_Formula_One_World_Championship'}, {'year': 1955, 'url': 'https://en.wikipedia.org/wiki/1955_Formula_One_World_Championship'}, {'year': 1956, 'url': 'https://en.wikipedia.org/wiki/1956_Formula_One_World_Championship'}, {'year': 1957, 'url': 'https://en.wikipedia.org/wiki/1957_Formula_One_World_Championship'}, {'year': 1958, 'url': 'https://en.wikipedia.org/wiki/1958_Formula_One_World_Championship'}, {'year': 1959, 'url': 'https://en.wikipedia.org/wiki/1959_Formula_One_World_Championship'}]",18,17,29,52,0,0,0,0,1,0,0
"{'text': 'Connew', 'url': 'https://en.wikipedia.org/wiki/Connew'}","[{'text': 'United Kingdom', 'url': 'https://en.wikipedia.org/wiki/United_Kingdom'}]","[{'year': 1972, 'url': 'https://en.wikipedia.org/wiki/1972_Formula_One_World_Championship'}]",2,1,1,2,0,0,0,0,0,0,0
"{'text': 'Cooper Car Company', 'url': 'https://en.wikipedia.org/wiki/Cooper_Car_Company'}","[{'text': 'United Kingdom', 'url': 'https://en.wikipedia.org/wiki/United_Kingdom'}]","[{'year': 1950, 'url': 'https://en.wikipedia.org/wiki/1950_Formula_One_World_Championship'}, {'year': 1952, 'url': 'https://en.wikipedia.org/wiki/1952_Formula_One_World_Championship'}, {'year': 1953, 'url': 'https://en.wikipedia.org/wiki/1953_Formula_One_World_Championship'}, {'year': 1954, 'url': 'https://en.wikipedia.org/wiki/1954_Formula_One_World_Championship'}, {'year': 1955, 'url': 'https://en.wikipedia.org/wiki/1955_Formula_One_World_Championship'}, {'year': 1956, 'url': 'https://en.wikipedia.org/wiki/1956_Formula_One_World_Championship'}, {'year': 1957, 'url': 'https://en.wikipedia.org/wiki/1957_Formula_One_World_Championship'}, {'year': 1958, 'url': 'https://en.wikipedia.org/wiki/1958_Formula_One_World_Championship'}, {'year': 1959, 'url': 'https://en.wikipedia.org/wiki/1959_Formula_One_World_Championship'}, {'year': 1960, 'url': 'https://en.wikipedia.org/wiki/1960_Formula_One_World_Championship'}, {'year': 1961, 'url': 'https://en.wikipedia.org/wiki/1961_Formula_One_World_Championship'}, {'year': 1962, 'url': 'https://en.wikipedia.org/wiki/1962_Formula_One_World_Championship'}, {'year': 1963, 'url': 'https://en.wikipedia.org/wiki/1963_Formula_One_World_Championship'}, {'year': 1964, 'url': 'https://en.wikipedia.org/wiki/1964_Formula_One_World_Championship'}, {'year': 1965, 'url': 'https://en.wikipedia.org/wiki/1965_Formula_One_World_Championship'}, {'year': 1966, 'url': 'https://en.wikipedia.org/wiki/1966_Formula_One_World_Championship'}, {'year': 1967, 'url': 'https://en.wikipedia.org/wiki/1967_Formula_One_World_Championship'}, {'year': 1968, 'url': 'https://en.wikipedia.org/wiki/1968_Formula_One_World_Championship'}, {'year': 1969, 'url': 'https://en.wikipedia.org/wiki/1969_Formula_One_World_Championship'}]",129,129,111,528,16,301,11,14,58,2,2
"{'text': 'Dallara', 'url': 'https://en.wikipedia.org/wiki/Dallara'}","[{'text': 'Italy', 'url': 'https://en.wikipedia.org/wiki/Italy'}]","[{'year': 1988, 'url': 'https://en.wikipedia.org/wiki/1988_Formula_One_World_Championship'}, {'year': 1989, 'url': 'https://en.wikipedia.org/wiki/1989_Formula_One_World_Championship'}, {'year': 1990, 'url': 'https://en.wikipedia.org/wiki/1990_Formula_One_World_Championship'}, {'year': 1991, 'url': 'https://en.wikipedia.org/wiki/1991_Formula_One_World_Championship'}, {'year': 1992, 'url': 'https://en.wikipedia.org/wiki/1992_Formula_One_World_Championship'}]",80,78,6,144,0,15,0,0,2,0,0
"{'text': 'De Tomaso', 'url': 'https://en.wikipedia.org/wiki/De_Tomaso'}","[{'text': 'Italy', 'url': 'https://en.wikipedia.org/wiki/Italy'}]","[{'year': 1961, 'url': 'https://en.wikipedia.org/wiki/1961_Formula_One_World_Championship'}, {'year': 1962, 'url': 'https://en.wikipedia.org/wiki/1962_Formula_One_World_Championship'}, {'year': 1963, 'url': 'https://en.wikipedia.org/wiki/1963_Formula_One_World_Championship'}, {'year': 1970, 'url': 'https://en.wikipedia.org/wiki/1970_Formula_One_World_Championship'}]",15,10,8,18,0,0,0,0,0,0,0
"{'text': 'Eagle', 'url': 'https://en.wikipedia.org/wiki/All_American_Racers'}","[{'text': 'United States', 'url': 'https://en.wikipedia.org/wiki/United_States'}]","[{'year': 1966, 'url': 'https://en.wikipedia.org/wiki/1966_Formula_One_World_Championship'}, {'year': 1967, 'url': 'https://en.wikipedia.org/wiki/1967_Formula_One_World_Championship'}, {'year': 1968, 'url': 'https://en.wikipedia.org/wiki/1968_Formula_One_World_Championship'}, {'year': 1969, 'url': 'https://en.wikipedia.org/wiki/1969_Formula_One_World_Championship'}]",26,26,7,35,1,17,0,2,2,0,0
"{'text': 'Eifelland', 'url': 'https://en.wikipedia.org/wiki/Eifelland'}","[{'text': 'Germany', 'url': 'https://en.wikipedia.org/wiki/Germany'}]","[{'year': 1972, 'url': 'https://en.wikipedia.org/wiki/1972_Formula_One_World_Championship'}]",8,8,1,8,0,0,0,0,0,0,0
"{'text': 'Emeryson', 'url': 'https://en.wikipedia.org/wiki/Emeryson'}","[{'text': 'United Kingdom', 'url': 'https://en.wikipedia.org/wiki/United_Kingdom'}]","[{'year': 1956, 'url': 'https://en.wikipedia.org/wiki/1956_Formula_One_World_Championship'}, {'year': 1961, 'url': 'https://en.wikipedia.org/wiki/1961_Formula_One_World_Championship'}, {'year': 1962, 'url': 'https://en.wikipedia.org/wiki/1962_Formula_One_World_Championship'}]",6,4,6,7,0,0,0,0,0,0,0
"{'text': 'Eisenacher Motorenwerk', 'url': 'https://en.wikipedia.org/wiki/Eisenacher_Motorenwerk'}","[{'text': 'East Germany', 'url': 'https://en.wikipedia.org/wiki/East_Germany'}]","[{'year': 1953, 'url': 'https://en.wikipedia.org/wiki/1953_Formula_One_World_Championship'}]",1,1,1,1,0,,0,0,0,,0
"{'text': 'Ecurie Nationale Belge', 'url': 'https://en.wikipedia.org/wiki/Ecurie_Nationale_Belge'}","[{'text': 'Belgium', 'url': 'https://en.wikipedia.org/wiki/Belgium'}]","[{'year': 1962, 'url': 'https://en.wikipedia.org/wiki/1962_Formula_One_World_Championship'}]",1,1,1,1,0,0,0,0,0,0,0
"{'text': 'Ensign', 'url': 'https://en.wikipedia.org/wiki/Ensign_(racing_team)'}","[{'text': 'United Kingdom', 'url': 'https://en.wikipedia.org/wiki/United_Kingdom'}]","[{'year': 1973, 'url': 'https://en.wikipedia.org/wiki/1973_Formula_One_World_Championship'}, {'year': 1974, 'url': 'https://en.wikipedia.org/wiki/1974_Formula_One_World_Championship'}, {'year': 1975, 'url': 'https://en.wikipedia.org/wiki/1975_Formula_One_World_Championship'}, {'year': 1976, 'url': 'https://en.wikipedia.org/wiki/1976_Formula_One_World_Championship'}, {'year': 1977, 'url': 'https://en.wikipedia.org/wiki/1977_Formula_One_World_Championship'}, {'year': 1978, 'url': 'https://en.wikipedia.org/wiki/1978_Formula_One_World_Championship'}, {'year': 1979, 'url': 'https://en.wikipedia.org/wiki/1979_Formula_One_World_Championship'}, {'year': 1980, 'url': 'https://en.wikipedia.org/wiki/1980_Formula_One_World_Championship'}, {'year': 1981, 'url': 'https://en.wikipedia.org/wiki/1981_Formula_One_World_Championship'}, {'year': 1982, 'url': 'https://en.wikipedia.org/wiki/1982_Formula_One_World_Championship'}]",134,98,25,154,0,19,0,1,0,0,0
"{'text': 'English Racing Automobiles', 'url': 'https://en.wikipedia.org/wiki/English_Racing_Automobiles'}","[{'text': 'United Kingdom', 'url': 'https://en.wikipedia.org/wiki/United_Kingdom'}]","[{'year': 1950, 'url': 'https://en.wikipedia.org/wiki/1950_Formula_One_World_Championship'}, {'year': 1951, 'url': 'https://en.wikipedia.org/wiki/1951_Formula_One_World_Championship'}, {'year': 1952, 'url': 'https://en.wikipedia.org/wiki/1952_Formula_One_World_Championship'}]",7,7,7,12,0,,0,0,0,,0
"{'text': 'EuroBrun', 'url': 'https://en.wikipedia.org/wiki/EuroBrun'}","[{'text': 'Italy', 'url': 'https://en.wikipedia.org/wiki/Italy'}]","[{'year': 1988, 'url': 'https://en.wikipedia.org/wiki/1988_Formula_One_World_Championship'}, {'year': 1989, 'url': 'https://en.wikipedia.org/wiki/1989_Formula_One_World_Championship'}, {'year': 1990, 'url': 'https://en.wikipedia.org/wiki/1990_Formula_One_World_Championship'}]",46,15,5,76,0,0,0,0,0,0,0
"{'text': 'Ferguson Research Ltd.', 'url': 'https://en.wikipedia.org/wiki/Ferguson_Research_Ltd.'}","[{'text': 'United Kingdom', 'url': 'https://en.wikipedia.org/wiki/United_Kingdom'}]","[{'year': 1961, 'url': 'https://en.wikipedia.org/wiki/1961_Formula_One_World_Championship'}]",1,1,2,1,0,0,0,0,0,0,0
"{'text': 'FIRST', 'url': 'https://en.wikipedia.org/wiki/FIRST_(constructor)'}","[{'text': 'Italy', 'url': 'https://en.wikipedia.org/wiki/Italy'}]","[{'year': 1989, 'url': 'https://en.wikipedia.org/wiki/1989_Formula_One_World_Championship'}]",1,0,0,0,0,0,0,0,0,0,0
"{'text': 'Fittipaldi Automotive', 'url': 'https://en.wikipedia.org/wiki/Fittipaldi_Automotive'}","[{'text': 'Brazil', 'url': 'https://en.wikipedia.org/wiki/Brazil'}]","[{'year': 1975, 'url': 'https://en.wikipedia.org/wiki/1975_Formula_One_World_Championship'}, {'year': 1976, 'url': 'https://en.wikipedia.org/wiki/1976_Formula_One_World_Championship'}, {'year': 1977, 'url': 'https://en.wikipedia.org/wiki/1977_Formula_One_World_Championship'}, {'year': 1978, 'url': 'https://en.wikipedia.org/wiki/1978_Formula_One_World_Championship'}, {'year': 1979, 'url': 'https://en.wikipedia.org/wiki/1979_Formula_One_World_Championship'}, {'year': 1980, 'url': 'https://en.wikipedia.org/wiki/1980_Formula_One_World_Championship'}, {'year': 1981, 'url': 'https://en.wikipedia.org/wiki/1981_Formula_One_World_Championship'}, {'year': 1982, 'url': 'https://en.wikipedia.org/wiki/1982_Formula_One_World_Championship'}]",120,103,8,156,0,44,0,0,3,0,0
"{'text': 'Fondmetal', 'url': 'https://en.wikipedia.org/wiki/Fondmetal'}","[{'text': 'Italy', 'url': 'https://en.wikipedia.org/wiki/Italy'}]","[{'year': 1991, 'url': 'https://en.wikipedia.org/wiki/1991_Formula_One_World_Championship'}, {'year': 1992, 'url': 'https://en.wikipedia.org/wiki/1992_Formula_One_World_Championship'}]",29,19,4,42,0,0,0,0,0,0,0
"{'text': 'Force India', 'url': 'https://en.wikipedia.org/wiki/Force_India'}","[{'text': 'India', 'url': 'https://en.wikipedia.org/wiki/India'}]","[{'year': 2008, 'url': 'https://en.wikipedia.org/wiki/2008_Formula_One_World_Championship'}, {'year': 2009, 'url': 'https://en.wikipedia.org/wiki/2009_Formula_One_World_Championship'}, {'year': 2010, 'url': 'https://en.wikipedia.org/wiki/2010_Formula_One_World_Championship'}, {'year': 2011, 'url': 'https://en.wikipedia.org/wiki/2011_Formula_One_World_Championship'}, {'year': 2012, 'url': 'https://en.wikipedia.org/wiki/2012_Formula_One_World_Championship'}, {'year': 2013, 'url': 'https://en.wikipedia.org/wiki/2013_Formula_One_World_Championship'}, {'year': 2014, 'url': 'https://en.wikipedia.org/wiki/2014_Formula_One_World_Championship'}, {'year': 2015, 'url': 'https://en.wikipedia.org/wiki/2015_Formula_One_World_Championship'}, {'year': 2016, 'url': 'https://en.wikipedia.org/wiki/2016_Formula_One_World_Championship'}, {'year': 2017, 'url': 'https://en.wikipedia.org/wiki/2017_Formula_One_World_Championship'}, {'year': 2018, 'url': 'https://en.wikipedia.org/wiki/2018_Formula_One_World_Championship'}]",203,203,7,406,0,987,1,5,6,0,0
"{'text': 'Forti', 'url': 'https://en.wikipedia.org/wiki/Forti'}","[{'text': 'Italy', 'url': 'https://en.wikipedia.org/wiki/Italy'}]","[{'year': 1995, 'url': 'https://en.wikipedia.org/wiki/1995_Formula_One_World_Championship'}, {'year': 1996, 'url': 'https://en.wikipedia.org/wiki/1996_Formula_One_World_Championship'}]",28,23,4,54,0,0,0,0,0,0,0
"{'text': 'Frank Williams Racing Cars', 'url': 'https://en.wikipedia.org/wiki/Frank_Williams_Racing_Cars'}","[{'text': 'United Kingdom', 'url': 'https://en.wikipedia.org/wiki/United_Kingdom'}]","[{'year': 1972, 'url': 'https://en.wikipedia.org/wiki/1972_Formula_One_World_Championship'}, {'year': 1973, 'url': 'https://en.wikipedia.org/wiki/1973_Formula_One_World_Championship'}, {'year': 1974, 'url': 'https://en.wikipedia.org/wiki/1974_Formula_One_World_Championship'}, {'year': 1975, 'url': 'https://en.wikipedia.org/wiki/1975_Formula_One_World_Championship'}, {'year': 1976, 'url': 'https://en.wikipedia.org/wiki/1976_Formula_One_World_Championship'}]",61,56,25,112,0,6,0,0,0,0,0
"{'text': 'Frazer-Nash', 'url': 'https://en.wikipedia.org/wiki/Frazer_Nash'}","[{'text': 'United Kingdom', 'url': 'https://en.wikipedia.org/wiki/United_Kingdom'}]","[{'year': 1952, 'url': 'https://en.wikipedia.org/wiki/1952_Formula_One_World_Championship'}]",4,4,2,4,0,,0,0,0,,0
"{'text': 'Fry', 'url': 'https://en.wikipedia.org/wiki/Fry_(racing_team)'}","[{'text': 'United Kingdom', 'url': 'https://en.wikipedia.org/wiki/United_Kingdom'}]","[{'year': 1959, 'url': 'https://en.wikipedia.org/wiki/1959_Formula_One_World_Championship'}]",1,0,1,1,0,0,0,0,0,0,0
"{'text': 'Gilby Engineering', 'url': 'https://en.wikipedia.org/wiki/Gilby_Engineering'}","[{'text': 'United Kingdom', 'url': 'https://en.wikipedia.org/wiki/United_Kingdom'}]","[{'year': 1961, 'url': 'https://en.wikipedia.org/wiki/1961_Formula_One_World_Championship'}, {'year': 1962, 'url': 'https://en.wikipedia.org/wiki/1962_Formula_One_World_Championship'}, {'year': 1963, 'url': 'https://en.wikipedia.org/wiki/1963_Formula_One_World_Championship'}]",6,3,2,6,0,0,0,0,0,0,0
"{'text': 'Gordini', 'url': 'https://en.wikipedia.org/wiki/Gordini'}","[{'text': 'France', 'url': 'https://en.wikipedia.org/wiki/France'}]","[{'year': 1952, 'url': 'https://en.wikipedia.org/wiki/1952_Formula_One_World_Championship'}, {'year': 1953, 'url': 'https://en.wikipedia.org/wiki/1953_Formula_One_World_Championship'}, {'year': 1954, 'url': 'https://en.wikipedia.org/wiki/1954_Formula_One_World_Championship'}, {'year': 1955, 'url': 'https://en.wikipedia.org/wiki/1955_Formula_One_World_Championship'}, {'year': 1956, 'url': 'https://en.wikipedia.org/wiki/1956_Formula_One_World_Championship'}]",33,33,23,101,0,,0,1,2,,0
"{'text': 'Greifzu', 'url': 'https://en.wikipedia.org/wiki/Paul_Greifzu'}","[{'text': 'East Germany', 'url': 'https://en.wikipedia.org/wiki/East_Germany'}]","[{'year': 1953, 'url': 'https://en.wikipedia.org/wiki/1953_Formula_One_World_Championship'}]",1,1,1,1,0,,0,0,0,,0
"{'text': 'Hesketh', 'url': 'https://en.wikipedia.org/wiki/Hesketh_Racing'}","[{'text': 'United Kingdom', 'url': 'https://en.wikipedia.org/wiki/United_Kingdom'}]","[{'year': 1974, 'url': 'https://en.wikipedia.org/wiki/1974_Formula_One_World_Championship'}, {'year': 1975, 'url': 'https://en.wikipedia.org/wiki/1975_Formula_One_World_Championship'}, {'year': 1976, 'url': 'https://en.wikipedia.org/wiki/1976_Formula_One_World_Championship'}, {'year': 1977, 'url': 'https://en.wikipedia.org/wiki/1977_Formula_One_World_Championship'}, {'year': 1978, 'url': 'https://en.wikipedia.org/wiki/1978_Formula_One_World_Championship'}]",60,52,15,97,1,48,0,1,7,0,0
"{'text': 'Hill', 'url': 'https://en.wikipedia.org/wiki/Embassy_Hill'}","[{'text': 'United Kingdom', 'url': 'https://en.wikipedia.org/wiki/United_Kingdom'}]","[{'year': 1975, 'url': 'https://en.wikipedia.org/wiki/1975_Formula_One_World_Championship'}]",11,10,6,21,0,3,0,0,0,0,0
"{'text': 'HRT', 'url': 'https://en.wikipedia.org/wiki/HRT_Formula_1_Team'}","[{'text': 'Spain', 'url': 'https://en.wikipedia.org/wiki/Spain'}]","[{'year': 2010, 'url': 'https://en.wikipedia.org/wiki/2010_Formula_One_World_Championship'}, {'year': 2011, 'url': 'https://en.wikipedia.org/wiki/2011_Formula_One_World_Championship'}, {'year': 2012, 'url': 'https://en.wikipedia.org/wiki/2012_Formula_One_World_Championship'}]",58,56,8,116,0,0,0,0,0,0,0
"{'text': 'Honda', 'url': 'https://en.wikipedia.org/wiki/Honda_in_Formula_One'}","[{'text': 'Japan', 'url': 'https://en.wikipedia.org/wiki/Japan'}]","[{'year': 1964, 'url': 'https://en.wikipedia.org/wiki/1964_Formula_One_World_Championship'}, {'year': 1965, 'url': 'https://en.wikipedia.org/wiki/1965_Formula_One_World_Championship'}, {'year': 1966, 'url': 'https://en.wikipedia.org/wiki/1966_Formula_One_World_Championship'}, {'year': 1967, 'url': 'https://en.wikipedia.org/wiki/1967_Formula_One_World_Championship'}, {'year': 1968, 'url': 'https://en.wikipedia.org/wiki/1968_Formula_One_World_Championship'}, {'year': 2006, 'url': 'https://en.wikipedia.org/wiki/2006_Formula_One_World_Championship'}, {'year': 2007, 'url': 'https://en.wikipedia.org/wiki/2007_Formula_One_World_Championship'}, {'year': 2008, 'url': 'https://en.wikipedia.org/wiki/2008_Formula_One_World_Championship'}]",88,88,8,154,3,154,2,2,9,0,0
"{'text': 'HWM', 'url': 'https://en.wikipedia.org/wiki/Hersham_and_Walton_Motors'}","[{'text': 'United Kingdom', 'url': 'https://en.wikipedia.org/wiki/United_Kingdom'}]","[{'year': 1951, 'url': 'https://en.wikipedia.org/wiki/1951_Formula_One_World_Championship'}, {'year': 1952, 'url': 'https://en.wikipedia.org/wiki/1952_Formula_One_World_Championship'}, {'year': 1953, 'url': 'https://en.wikipedia.org/wiki/1953_Formula_One_World_Championship'}, {'year': 1954, 'url': 'https://en.wikipedia.org/wiki/1954_Formula_One_World_Championship'}, {'year': 1955, 'url': 'https://en.wikipedia.org/wiki/1955_Formula_One_World_Championship'}]",16,14,15,48,0,,0,0,0,,0
"{'text': 'Jaguar', 'url': 'https://en.wikipedia.org/wiki/Jaguar_Racing'}","[{'text': 'United Kingdom', 'url': 'https://en.wikipedia.org/wiki/United_Kingdom'}]","[{'year': 2000, 'url': 'https://en.wikipedia.org/wiki/2000_Formula_One_World_Championship'}, {'year': 2001, 'url': 'https://en.wikipedia.org/wiki/2001_Formula_One_World_Championship'}, {'year': 2002, 'url': 'https://en.wikipedia.org/wiki/2002_Formula_One_World_Championship'}, {'year': 2003, 'url': 'https://en.wikipedia.org/wiki/2003_Formula_One_World_Championship'}, {'year': 2004, 'url': 'https://en.wikipedia.org/wiki/2004_Formula_One_World_Championship'}]",85,85,8,170,0,49,0,0,2,0,0
"{'text': 'JBW', 'url': 'https://en.wikipedia.org/wiki/JBW'}","[{'text': 'United Kingdom', 'url': 'https://en.wikipedia.org/wiki/United_Kingdom'}]","[{'year': 1959, 'url': 'https://en.wikipedia.org/wiki/1959_Formula_One_World_Championship'}, {'year': 1960, 'url': 'https://en.wikipedia.org/wiki/1960_Formula_One_World_Championship'}, {'year': 1961, 'url': 'https://en.wikipedia.org/wiki/1961_Formula_One_World_Championship'}]",6,5,1,6,0,0,0,0,0,0,0
"{'text': 'Jordan', 'url': 'https://en.wikipedia.org/wiki/Jordan_Grand_Prix'}","[{'text': 'Ireland', 'url': 'https://en.wikipedia.org/wiki/Republic_of_Ireland'}]","[{'year': 1991, 'url': 'https://en.wikipedia.org/wiki/1991_Formula_One_World_Championship'}, {'year': 1992, 'url': 'https://en.wikipedia.org/wiki/1992_Formula_One_World_Championship'}, {'year': 1993, 'url': 'https://en.wikipedia.org/wiki/1993_Formula_One_World_Championship'}, {'year': 1994, 'url': 'https://en.wikipedia.org/wiki/1994_Formula_One_World_Championship'}, {'year': 1995, 'url': 'https://en.wikipedia.org/wiki/1995_Formula_One_World_Championship'}, {'year': 1996, 'url': 'https://en.wikipedia.org/wiki/1996_Formula_One_World_Championship'}, {'year': 1997, 'url': 'https://en.wikipedia.org/wiki/1997_Formula_One_World_Championship'}, {'year': 1998, 'url': 'https://en.wikipedia.org/wiki/1998_Formula_One_World_Championship'}, {'year': 1999, 'url': 'https://en.wikipedia.org/wiki/1999_Formula_One_World_Championship'}, {'year': 2000, 'url': 'https://en.wikipedia.org/wiki/2000_Formula_One_World_Championship'}, {'year': 2001, 'url': 'https://en.wikipedia.org/wiki/2001_Formula_One_World_Championship'}, {'year': 2002, 'url': 'https://en.wikipedia.org/wiki/2002_Formula_One_World_Championship'}, {'year': 2003, 'url': 'https://en.wikipedia.org/wiki/2003_Formula_One_World_Championship'}, {'year': 2004, 'url': 'https://en.wikipedia.org/wiki/2004_Formula_One_World_Championship'}, {'year': 2005, 'url': 'https://en.wikipedia.org/wiki/2005_Formula_One_World_Championship'}]",250,250,30,500,4,291,2,2,19,0,0
"{'text': 'Kauhsen', 'url': 'https://en.wikipedia.org/wiki/Kauhsen'}","[{'text': 'Germany', 'url': 'https://en.wikipedia.org/wiki/Germany'}]","[{'year': 1979, 'url': 'https://en.wikipedia.org/wiki/1979_Formula_One_World_Championship'}]",2,0,1,2,0,0,0,0,0,0,0
"{'text': 'Klenk', 'url': 'https://en.wikipedia.org/wiki/Klenk'}","[{'text': 'Germany', 'url': 'https://en.wikipedia.org/wiki/Germany'}]","[{'year': 1954, 'url': 'https://en.wikipedia.org/wiki/1954_Formula_One_World_Championship'}]",1,1,1,1,0,,0,0,0,,0
"{'text': 'Kojima', 'url': 'https://en.wikipedia.org/wiki/Kojima_Engineering'}","[{'text': 'Japan', 'url': 'https://en.wikipedia.org/wiki/Japan'}]","[{'year': 1976, 'url': 'https://en.wikipedia.org/wiki/1976_Formula_One_World_Championship'}, {'year': 1977, 'url': 'https://en.wikipedia.org/wiki/1977_Formula_One_World_Championship'}]",2,2,3,3,0,0,0,0,0,0,0
"{'text': 'Kurtis Kraft', 'url': 'https://en.wikipedia.org/wiki/Kurtis_Kraft'}","[{'text': 'United States', 'url': 'https://en.wikipedia.org/wiki/United_States'}]","[{'year': 1950, 'url': 'https://en.wikipedia.org/wiki/1950_Formula_One_World_Championship'}, {'year': 1951, 'url': 'https://en.wikipedia.org/wiki/1951_Formula_One_World_Championship'}, {'year': 1952, 'url': 'https://en.wikipedia.org/wiki/1952_Formula_One_World_Championship'}, {'year': 1953, 'url': 'https://en.wikipedia.org/wiki/1953_Formula_One_World_Championship'}, {'year': 1954, 'url': 'https://en.wikipedia.org/wiki/1954_Formula_One_World_Championship'}, {'year': 1955, 'url': 'https://en.wikipedia.org/wiki/1955_Formula_One_World_Championship'}, {'year': 1956, 'url': 'https://en.wikipedia.org/wiki/1956_Formula_One_World_Championship'}, {'year': 1957, 'url': 'https://en.wikipedia.org/wiki/1957_Formula_One_World_Championship'}, {'year': 1958, 'url': 'https://en.wikipedia.org/wiki/1958_Formula_One_World_Championship'}, {'year': 1959, 'url': 'https://en.wikipedia.org/wiki/1959_Formula_One_World_Championship'}, {'year': 1960, 'url': 'https://en.wikipedia.org/wiki/1960_Formula_One_World_Championship'}]",12,12,129,350,5,0,6,7,16,0,0
"{'text': 'Lambo', 'url': 'https://en.wikipedia.org/wiki/Modena_(racing_team)'}","[{'text': 'Italy', 'url': 'https://en.wikipedia.org/wiki/Italy'}]","[{'year': 1991, 'url': 'https://en.wikipedia.org/wiki/1991_Formula_One_World_Championship'}]",16,6,2,32,0,0,0,0,0,0,0
"{'text': 'Lancia', 'url': 'https://en.wikipedia.org/wiki/Scuderia_Lancia'}","[{'text': 'Italy', 'url': 'https://en.wikipedia.org/wiki/Italy'}]","[{'year': 1954, 'url': 'https://en.wikipedia.org/wiki/1954_Formula_One_World_Championship'}, {'year': 1955, 'url': 'https://en.wikipedia.org/wiki/1955_Formula_One_World_Championship'}]",4,4,4,10,0,,2,1,1,,0
"{'text': 'Larrousse', 'url': 'https://en.wikipedia.org/wiki/Larrousse'}","[{'text': 'France', 'url': 'https://en.wikipedia.org/wiki/France'}]","[{'year': 1993, 'url': 'https://en.wikipedia.org/wiki/1993_Formula_One_World_Championship'}, {'year': 1994, 'url': 'https://en.wikipedia.org/wiki/1994_Formula_One_World_Championship'}]",32,32,7,64,0,5,0,0,0,0,0
"{'text': 'LDS', 'url': 'https://en.wikipedia.org/wiki/LDS_(automobile)'}","[{'text': 'South Africa', 'url': 'https://en.wikipedia.org/wiki/South_Africa'}]","[{'year': 1962, 'url': 'https://en.wikipedia.org/wiki/1962_Formula_One_World_Championship'}, {'year': 1963, 'url': 'https://en.wikipedia.org/wiki/1963_Formula_One_World_Championship'}, {'year': 1965, 'url': 'https://en.wikipedia.org/wiki/1965_Formula_One_World_Championship'}, {'year': 1967, 'url': 'https://en.wikipedia.org/wiki/1967_Formula_One_World_Championship'}, {'year': 1968, 'url': 'https://en.wikipedia.org/wiki/1968_Formula_One_World_Championship'}]",5,5,3,8,0,0,0,0,0,0,0
"{'text': 'LEC', 'url': 'https://en.wikipedia.org/wiki/LEC_Refrigeration_Racing'}","[{'text': 'United Kingdom', 'url': 'https://en.wikipedia.org/wiki/United_Kingdom'}]","[{'year': 1977, 'url': 'https://en.wikipedia.org/wiki/1977_Formula_One_World_Championship'}]",5,3,1,5,0,0,0,0,0,0,0
"{'text': 'Leyton House', 'url': 'https://en.wikipedia.org/wiki/Leyton_House_Racing'}","[{'text': 'United Kingdom', 'url': 'https://en.wikipedia.org/wiki/United_Kingdom'}]","[{'year': 1990, 'url': 'https://en.wikipedia.org/wiki/1990_Formula_One_World_Championship'}, {'year': 1991, 'url': 'https://en.wikipedia.org/wiki/1991_Formula_One_World_Championship'}]",32,30,3,64,0,8,0,0,1,0,0
"{'text': 'Life', 'url': 'https://en.wikipedia.org/wiki/Life_(Racing_Team)'}","[{'text': 'Italy', 'url': 'https://en.wikipedia.org/wiki/Italy'}]","[{'year': 1990, 'url': 'https://en.wikipedia.org/wiki/1990_Formula_One_World_Championship'}]",14,0,2,14,0,0,0,0,0,0,0
"{'text': 'Ligier', 'url': 'https://en.wikipedia.org/wiki/Equipe_Ligier'}","[{'text': 'France', 'url': 'https://en.wikipedia.org/wiki/France'}]","[{'year': 1976, 'url': 'https://en.wikipedia.org/wiki/1976_Formula_One_World_Championship'}, {'year': 1977, 'url': 'https://en.wikipedia.org/wiki/1977_Formula_One_World_Championship'}, {'year': 1978, 'url': 'https://en.wikipedia.org/wiki/1978_Formula_One_World_Championship'}, {'year': 1979, 'url': 'https://en.wikipedia.org/wiki/1979_Formula_One_World_Championship'}, {'year': 1980, 'url': 'https://en.wikipedia.org/wiki/1980_Formula_One_World_Championship'}, {'year': 1981, 'url': 'https://en.wikipedia.org/wiki/1981_Formula_One_World_Championship'}, {'year': 1982, 'url': 'https://en.wikipedia.org/wiki/1982_Formula_One_World_Championship'}, {'year': 1983, 'url': 'https://en.wikipedia.org/wiki/1983_Formula_One_World_Championship'}, {'year': 1984, 'url': 'https://en.wikipedia.org/wiki/1984_Formula_One_World_Championship'}, {'year': 1985, 'url': 'https://en.wikipedia.org/wiki/1985_Formula_One_World_Championship'}, {'year': 1986, 'url': 'https://en.wikipedia.org/wiki/1986_Formula_One_World_Championship'}, {'year': 1987, 'url': 'https://en.wikipedia.org/wiki/1987_Formula_One_World_Championship'}, {'year': 1988, 'url': 'https://en.wikipedia.org/wiki/1988_Formula_One_World_Championship'}, {'year': 1989, 'url': 'https://en.wikipedia.org/wiki/1989_Formula_One_World_Championship'}, {'year': 1990, 'url': 'https://en.wikipedia.org/wiki/1990_Formula_One_World_Championship'}, {'year': 1991, 'url': 'https://en.wikipedia.org/wiki/1991_Formula_One_World_Championship'}, {'year': 1992, 'url': 'https://en.wikipedia.org/wiki/1992_Formula_One_World_Championship'}, {'year': 1993, 'url': 'https://en.wikipedia.org/wiki/1993_Formula_One_World_Championship'}, {'year': 1994, 'url': 'https://en.wikipedia.org/wiki/1994_Formula_One_World_Championship'}, {'year': 1995, 'url': 'https://en.wikipedia.org/wiki/1995_Formula_One_World_Championship'}, {'year': 1996, 'url': 'https://en.wikipedia.org/wiki/1996_Formula_One_World_Championship'}]",332,326,28,612,9,388,9,10,50,0,0
"{'text': 'Lola', 'url': 'https://en.wikipedia.org/wiki/Lola_Cars'}","[{'text': 'United Kingdom', 'url': 'https://en.wikipedia.org/wiki/United_Kingdom'}]","[{'year': 1962, 'url': 'https://en.wikipedia.org/wiki/1962_Formula_One_World_Championship'}, {'year': 1963, 'url': 'https://en.wikipedia.org/wiki/1963_Formula_One_World_Championship'}, {'year': 1967, 'url': 'https://en.wikipedia.org/wiki/1967_Formula_One_World_Championship'}, {'year': 1968, 'url': 'https://en.wikipedia.org/wiki/1968_Formula_One_World_Championship'}, {'year': 1974, 'url': 'https://en.wikipedia.org/wiki/1974_Formula_One_World_Championship'}, {'year': 1975, 'url': 'https://en.wikipedia.org/wiki/1975_Formula_One_World_Championship'}, {'year': 1985, 'url': 'https://en.wikipedia.org/wiki/1985_Formula_One_World_Championship'}, {'year': 1986, 'url': 'https://en.wikipedia.org/wiki/1986_Formula_One_World_Championship'}, {'year': 1987, 'url': 'https://en.wikipedia.org/wiki/1987_Formula_One_World_Championship'}, {'year': 1988, 'url': 'https://en.wikipedia.org/wiki/1988_Formula_One_World_Championship'}, {'year': 1989, 'url': 'https://en.wikipedia.org/wiki/1989_Formula_One_World_Championship'}, {'year': 1990, 'url': 'https://en.wikipedia.org/wiki/1990_Formula_One_World_Championship'}, {'year': 1991, 'url': 'https://en.wikipedia.org/wiki/1991_Formula_One_World_Championship'}, {'year': 1993, 'url': 'https://en.wikipedia.org/wiki/1993_Formula_One_World_Championship'}, {'year': 1997, 'url': 'https://en.wikipedia.org/wiki/1997_Formula_One_World_Championship'}]",152,146,27,280,0,45,1,0,3,0,0
"{'text': 'Lotus', 'url': 'https://en.wikipedia.org/wiki/Team_Lotus'}","[{'text': 'United Kingdom', 'url': 'https://en.wikipedia.org/wiki/United_Kingdom'}]","[{'year': 1958, 'url': 'https://en.wikipedia.org/wiki/1958_Formula_One_World_Championship'}, {'year': 1959, 'url': 'https://en.wikipedia.org/wiki/1959_Formula_One_World_Championship'}, {'year': 1960, 'url': 'https://en.wikipedia.org/wiki/1960_Formula_One_World_Championship'}, {'year': 1961, 'url': 'https://en.wikipedia.org/wiki/1961_Formula_One_World_Championship'}, {'year': 1962, 'url': 'https://en.wikipedia.org/wiki/1962_Formula_One_World_Championship'}, {'year': 1963, 'url': 'https://en.wikipedia.org/wiki/1963_Formula_One_World_Championship'}, {'year': 1964, 'url': 'https://en.wikipedia.org/wiki/1964_Formula_One_World_Championship'}, {'year': 1965, 'url': 'https://en.wikipedia.org/wiki/1965_Formula_One_World_Championship'}, {'year': 1966, 'url': 'https://en.wikipedia.org/wiki/1966_Formula_One_World_Championship'}, {'year': 1967, 'url': 'https://en.wikipedia.org/wiki/1967_Formula_One_World_Championship'}, {'year': 1968, 'url': 'https://en.wikipedia.org/wiki/1968_Formula_One_World_Championship'}, {'year': 1969, 'url': 'https://en.wikipedia.org/wiki/1969_Formula_One_World_Championship'}, {'year': 1970, 'url': 'https://en.wikipedia.org/wiki/1970_Formula_One_World_Championship'}, {'year': 1971, 'url': 'https://en.wikipedia.org/wiki/1971_Formula_One_World_Championship'}, {'year': 1972, 'url': 'https://en.wikipedia.org/wiki/1972_Formula_One_World_Championship'}, {'year': 1973, 'url': 'https://en.wikipedia.org/wiki/1973_Formula_One_World_Championship'}, {'year': 1974, 'url': 'https://en.wikipedia.org/wiki/1974_Formula_One_World_Championship'}, {'year': 1975, 'url': 'https://en.wikipedia.org/wiki/1975_Formula_One_World_Championship'}, {'year': 1976, 'url': 'https://en.wikipedia.org/wiki/1976_Formula_One_World_Championship'}, {'year': 1977, 'url': 'https://en.wikipedia.org/wiki/1977_Formula_One_World_Championship'}, {'year': 1978, 'url': 'https://en.wikipedia.org/wiki/1978_Formula_One_World_Championship'}, {'year': 1979, 'url': 'https://en.wikipedia.org/wiki/1979_Formula_One_World_Championship'}, {'year': 1980, 'url': 'https://en.wikipedia.org/wiki/1980_Formula_One_World_Championship'}, {'year': 1981, 'url': 'https://en.wikipedia.org/wiki/1981_Formula_One_World_Championship'}, {'year': 1982, 'url': 'https://en.wikipedia.org/wiki/1982_Formula_One_World_Championship'}, {'year': 1983, 'url': 'https://en.wikipedia.org/wiki/1983_Formula_One_World_Championship'}, {'year': 1984, 'url': 'https://en.wikipedia.org/wiki/1984_Formula_One_World_Championship'}, {'year': 1985, 'url': 'https://en.wikipedia.org/wiki/1985_Formula_One_World_Championship'}, {'year': 1986, 'url': 'https://en.wikipedia.org/wiki/1986_Formula_One_World_Championship'}, {'year': 1987, 'url': 'https://en.wikipedia.org/wiki/1987_Formula_One_World_Championship'}, {'year': 1988, 'url': 'https://en.wikipedia.org/wiki/1988_Formula_One_World_Championship'}, {'year': 1989, 'url': 'https://en.wikipedia.org/wiki/1989_Formula_One_World_Championship'}, {'year': 1990, 'url': 'https://en.wikipedia.org/wiki/1990_Formula_One_World_Championship'}, {'year': 1991, 'url': 'https://en.wikipedia.org/wiki/1991_Formula_One_World_Championship'}, {'year': 1992, 'url': 'https://en.wikipedia.org/wiki/1992_Formula_One_World_Championship'}, {'year': 1993, 'url': 'https://en.wikipedia.org/wiki/1993_Formula_One_World_Championship'}, {'year': 1994, 'url': 'https://en.wikipedia.org/wiki/1994_Formula_One_World_Championship'}]",491,489,122,1332,79,1332,107,70,172,7,6
"{'text': 'Lotus', 'url': 'https://en.wikipedia.org/wiki/Team_Lotus_(2010%E2%80%9311)'}","[{'text': 'Malaysia', 'url': 'https://en.wikipedia.org/wiki/Malaysia'}]","[{'year': 2010, 'url': 'https://en.wikipedia.org/wiki/2010_Formula_One_World_Championship'}, {'year': 2011, 'url': 'https://en.wikipedia.org/wiki/2011_Formula_One_World_Championship'}]",38,38,3,76,0,0,0,0,0,0,0
"{'text': 'Lotus', 'url': 'https://en.wikipedia.org/wiki/Lotus_F1'}","[{'text': 'United Kingdom', 'url': 'https://en.wikipedia.org/wiki/United_Kingdom'}]","[{'year': 2012, 'url': 'https://en.wikipedia.org/wiki/2012_Formula_One_World_Championship'}, {'year': 2013, 'url': 'https://en.wikipedia.org/wiki/2013_Formula_One_World_Championship'}, {'year': 2014, 'url': 'https://en.wikipedia.org/wiki/2014_Formula_One_World_Championship'}, {'year': 2015, 'url': 'https://en.wikipedia.org/wiki/2015_Formula_One_World_Championship'}]",77,77,5,154,2,706,0,5,25,0,0
"{'text': 'Lyncar', 'url': 'https://en.wikipedia.org/wiki/Lyncar'}","[{'text': 'United Kingdom', 'url': 'https://en.wikipedia.org/wiki/United_Kingdom'}]","[{'year': 1974, 'url': 'https://en.wikipedia.org/wiki/1974_Formula_One_World_Championship'}, {'year': 1975, 'url': 'https://en.wikipedia.org/wiki/1975_Formula_One_World_Championship'}]",2,1,1,2,0,0,0,0,0,0,0
"{'text': 'Maki', 'url': 'https://en.wikipedia.org/wiki/Maki_(constructor)'}","[{'text': 'Japan', 'url': 'https://en.wikipedia.org/wiki/Japan'}]","[{'year': 1974, 'url': 'https://en.wikipedia.org/wiki/1974_Formula_One_World_Championship'}, {'year': 1975, 'url': 'https://en.wikipedia.org/wiki/1975_Formula_One_World_Championship'}, {'year': 1976, 'url': 'https://en.wikipedia.org/wiki/1976_Formula_One_World_Championship'}]",8,0,3,8,0,0,0,0,0,0,0
"{'text': 'Manor', 'url': 'https://en.wikipedia.org/wiki/Manor_Racing'}","[{'text': 'United Kingdom', 'url': 'https://en.wikipedia.org/wiki/United_Kingdom'}]","[{'year': 2016, 'url': 'https://en.wikipedia.org/wiki/2016_Formula_One_World_Championship'}]",21,21,3,42,0,1,0,0,0,0,0
"{'text': 'March', 'url': 'https://en.wikipedia.org/wiki/March_Engineering'}","[{'text': 'United Kingdom', 'url': 'https://en.wikipedia.org/wiki/United_Kingdom'}]","[{'year': 1970, 'url': 'https://en.wikipedia.org/wiki/1970_Formula_One_World_Championship'}, {'year': 1971, 'url': 'https://en.wikipedia.org/wiki/1971_Formula_One_World_Championship'}, {'year': 1972, 'url': 'https://en.wikipedia.org/wiki/1972_Formula_One_World_Championship'}, {'year': 1973, 'url': 'https://en.wikipedia.org/wiki/1973_Formula_One_World_Championship'}, {'year': 1974, 'url': 'https://en.wikipedia.org/wiki/1974_Formula_One_World_Championship'}, {'year': 1975, 'url': 'https://en.wikipedia.org/wiki/1975_Formula_One_World_Championship'}, {'year': 1976, 'url': 'https://en.wikipedia.org/wiki/1976_Formula_One_World_Championship'}, {'year': 1977, 'url': 'https://en.wikipedia.org/wiki/1977_Formula_One_World_Championship'}, {'year': 1981, 'url': 'https://en.wikipedia.org/wiki/1981_Formula_One_World_Championship'}, {'year': 1982, 'url': 'https://en.wikipedia.org/wiki/1982_Formula_One_World_Championship'}, {'year': 1987, 'url': 'https://en.wikipedia.org/wiki/1987_Formula_One_World_Championship'}, {'year': 1988, 'url': 'https://en.wikipedia.org/wiki/1988_Formula_One_World_Championship'}, {'year': 1989, 'url': 'https://en.wikipedia.org/wiki/1989_Formula_One_World_Championship'}, {'year': 1992, 'url': 'https://en.wikipedia.org/wiki/1992_Formula_One_World_Championship'}]",208,197,54,579,3,172,5,7,21,0,0
"{'text': 'Martini', 'url': 'https://en.wikipedia.org/wiki/Martini_(cars)'}","[{'text': 'France', 'url': 'https://en.wikipedia.org/wiki/France'}]","[{'year': 1978, 'url': 'https://en.wikipedia.org/wiki/1978_Formula_One_World_Championship'}]",9,4,1,7,0,0,0,0,0,0,0
"{'text': 'Marussia', 'url': 'https://en.wikipedia.org/wiki/Marussia_F1'}","[{'text': 'Russia', 'url': 'https://en.wikipedia.org/wiki/Russia'}, {'text': 'United Kingdom', 'url': 'https://en.wikipedia.org/wiki/United_Kingdom'}]","[{'year': 2012, 'url': 'https://en.wikipedia.org/wiki/2012_Formula_One_World_Championship'}, {'year': 2013, 'url': 'https://en.wikipedia.org/wiki/2013_Formula_One_World_Championship'}, {'year': 2014, 'url': 'https://en.wikipedia.org/wiki/2014_Formula_One_World_Championship'}, {'year': 2015, 'url': 'https://en.wikipedia.org/wiki/2015_Formula_One_World_Championship'}]",74,73,7,144,0,2,0,0,0,0,0
"{'text': 'Maserati', 'url': 'https://en.wikipedia.org/wiki/Maserati_in_motorsport#Formula_One'}","[{'text': 'Italy', 'url': 'https://en.wikipedia.org/wiki/Italy'}]","[{'year': 1950, 'url': 'https://en.wikipedia.org/wiki/1950_Formula_One_World_Championship'}, {'year': 1951, 'url': 'https://en.wikipedia.org/wiki/1951_Formula_One_World_Championship'}, {'year': 1952, 'url': 'https://en.wikipedia.org/wiki/1952_Formula_One_World_Championship'}, {'year': 1953, 'url': 'https://en.wikipedia.org/wiki/1953_Formula_One_World_Championship'}, {'year': 1954, 'url': 'https://en.wikipedia.org/wiki/1954_Formula_One_World_Championship'}, {'year': 1955, 'url': 'https://en.wikipedia.org/wiki/1955_Formula_One_World_Championship'}, {'year': 1956, 'url': 'https://en.wikipedia.org/wiki/1956_Formula_One_World_Championship'}, {'year': 1957, 'url': 'https://en.wikipedia.org/wiki/1957_Formula_One_World_Championship'}, {'year': 1958, 'url': 'https://en.wikipedia.org/wiki/1958_Formula_One_World_Championship'}, {'year': 1959, 'url': 'https://en.wikipedia.org/wiki/1959_Formula_One_World_Championship'}, {'year': 1960, 'url': 'https://en.wikipedia.org/wiki/1960_Formula_One_World_Championship'}]",77,70,106,423,9,9,10,15,37,0,2
"{'text': 'Matra', 'url': 'https://en.wikipedia.org/wiki/Equipe_Matra_Sports'}","[{'text': 'France', 'url': 'https://en.wikipedia.org/wiki/France'}]","[{'year': 1967, 'url': 'https://en.wikipedia.org/wiki/1967_Formula_One_World_Championship'}, {'year': 1968, 'url': 'https://en.wikipedia.org/wiki/1968_Formula_One_World_Championship'}, {'year': 1969, 'url': 'https://en.wikipedia.org/wiki/1969_Formula_One_World_Championship'}, {'year': 1970, 'url': 'https://en.wikipedia.org/wiki/1970_Formula_One_World_Championship'}, {'year': 1971, 'url': 'https://en.wikipedia.org/wiki/1971_Formula_One_World_Championship'}, {'year': 1972, 'url': 'https://en.wikipedia.org/wiki/1972_Formula_One_World_Championship'}]",61,61,5,117,9,163,4,12,21,1,1
"{'text': 'MBM', 'url': 'https://en.wikipedia.org/wiki/MBM_(automobile)'}","[{'text': 'Switzerland', 'url': 'https://en.wikipedia.org/wiki/Switzerland'}]","[{'year': 1961, 'url': 'https://en.wikipedia.org/wiki/1961_Formula_One_World_Championship'}]",1,0,1,1,0,0,0,0,0,0,0
"{'text': 'McGuire', 'url': 'https://en.wikipedia.org/wiki/McGuire_(Formula_One)'}","[{'text': 'Australia', 'url': 'https://en.wikipedia.org/wiki/Australia'}]","[{'year': 1977, 'url': 'https://en.wikipedia.org/wiki/1977_Formula_One_World_Championship'}]",1,0,1,1,0,0,0,0,0,0,0
"{'text': 'Merzario', 'url': 'https://en.wikipedia.org/wiki/Merzario'}","[{'text': 'Italy', 'url': 'https://en.wikipedia.org/wiki/Italy'}]","[{'year': 1978, 'url': 'https://en.wikipedia.org/wiki/1978_Formula_One_World_Championship'}, {'year': 1979, 'url': 'https://en.wikipedia.org/wiki/1979_Formula_One_World_Championship'}]",31,10,3,32,0,0,0,0,0,0,0
"{'text': 'Midland', 'url': 'https://en.wikipedia.org/wiki/Midland_F1_Racing'}","[{'text': 'Russia', 'url': 'https://en.wikipedia.org/wiki/Russia'}]","[{'year': 2006, 'url': 'https://en.wikipedia.org/wiki/2006_Formula_One_World_Championship'}]",18,18,2,36,0,0,0,0,0,0,0
"{'text': 'Milano', 'url': 'https://en.wikipedia.org/wiki/Milano_(racing_team)'}","[{'text': 'Italy', 'url': 'https://en.wikipedia.org/wiki/Italy'}]","[{'year': 1950, 'url': 'https://en.wikipedia.org/wiki/1950_Formula_One_World_Championship'}]",1,0,1,1,0,,0,0,0,,0
"{'text': 'Minardi', 'url': 'https://en.wikipedia.org/wiki/Minardi'}","[{'text': 'Italy', 'url': 'https://en.wikipedia.org/wiki/Italy'}]","[{'year': 1985, 'url': 'https://en.wikipedia.org/wiki/1985_Formula_One_World_Championship'}, {'year': 1986, 'url': 'https://en.wikipedia.org/wiki/1986_Formula_One_World_Championship'}, {'year': 1987, 'url': 'https://en.wikipedia.org/wiki/1987_Formula_One_World_Championship'}, {'year': 1988, 'url': 'https://en.wikipedia.org/wiki/1988_Formula_One_World_Championship'}, {'year': 1989, 'url': 'https://en.wikipedia.org/wiki/1989_Formula_One_World_Championship'}, {'year': 1990, 'url': 'https://en.wikipedia.org/wiki/1990_Formula_One_World_Championship'}, {'year': 1991, 'url': 'https://en.wikipedia.org/wiki/1991_Formula_One_World_Championship'}, {'year': 1992, 'url': 'https://en.wikipedia.org/wiki/1992_Formula_One_World_Championship'}, {'year': 1993, 'url': 'https://en.wikipedia.org/wiki/1993_Formula_One_World_Championship'}, {'year': 1994, 'url': 'https://en.wikipedia.org/wiki/1994_Formula_One_World_Championship'}, {'year': 1995, 'url': 'https://en.wikipedia.org/wiki/1995_Formula_One_World_Championship'}, {'year': 1996, 'url': 'https://en.wikipedia.org/wiki/1996_Formula_One_World_Championship'}, {'year': 1997, 'url': 'https://en.wikipedia.org/wiki/1997_Formula_One_World_Championship'}, {'year': 1998, 'url': 'https://en.wikipedia.org/wiki/1998_Formula_One_World_Championship'}, {'year': 1999, 'url': 'https://en.wikipedia.org/wiki/1999_Formula_One_World_Championship'}, {'year': 2000, 'url': 'https://en.wikipedia.org/wiki/2000_Formula_One_World_Championship'}, {'year': 2001, 'url': 'https://en.wikipedia.org/wiki/2001_Formula_One_World_Championship'}, {'year': 2002, 'url': 'https://en.wikipedia.org/wiki/2002_Formula_One_World_Championship'}, {'year': 2003, 'url': 'https://en.wikipedia.org/wiki/2003_Formula_One_World_Championship'}, {'year': 2004, 'url': 'https://en.wikipedia.org/wiki/2004_Formula_One_World_Championship'}, {'year': 2005, 'url': 'https://en.wikipedia.org/wiki/2005_Formula_One_World_Championship'}]",346,340,42,676,0,38,0,0,0,0,0
"{'text': 'Onyx', 'url': 'https://en.wikipedia.org/wiki/Onyx_Grand_Prix'}","[{'text': 'United Kingdom', 'url': 'https://en.wikipedia.org/wiki/United_Kingdom'}]","[{'year': 1989, 'url': 'https://en.wikipedia.org/wiki/1989_Formula_One_World_Championship'}, {'year': 1990, 'url': 'https://en.wikipedia.org/wiki/1990_Formula_One_World_Championship'}]",26,17,6,52,0,6,0,0,1,0,0
"{'text': 'O.S.C.A.', 'url': 'https://en.wikipedia.org/wiki/O.S.C.A.'}","[{'text': 'Italy', 'url': 'https://en.wikipedia.org/wiki/Italy'}]","[{'year': 1951, 'url': 'https://en.wikipedia.org/wiki/1951_Formula_One_World_Championship'}, {'year': 1952, 'url': 'https://en.wikipedia.org/wiki/1952_Formula_One_World_Championship'}, {'year': 1953, 'url': 'https://en.wikipedia.org/wiki/1953_Formula_One_World_Championship'}, {'year': 1958, 'url': 'https://en.wikipedia.org/wiki/1958_Formula_One_World_Championship'}]",7,4,5,11,0,0,0,0,0,0,
"{'text': 'Osella', 'url': 'https://en.wikipedia.org/wiki/Osella'}","[{'text': 'Italy', 'url': 'https://en.wikipedia.org/wiki/Italy'}]","[{'year': 1980, 'url': 'https://en.wikipedia.org/wiki/1980_Formula_One_World_Championship'}, {'year': 1981, 'url': 'https://en.wikipedia.org/wiki/1981_Formula_One_World_Championship'}, {'year': 1982, 'url': 'https://en.wikipedia.org/wiki/1982_Formula_One_World_Championship'}, {'year': 1983, 'url': 'https://en.wikipedia.org/wiki/1983_Formula_One_World_Championship'}, {'year': 1984, 'url': 'https://en.wikipedia.org/wiki/1984_Formula_One_World_Championship'}, {'year': 1985, 'url': 'https://en.wikipedia.org/wiki/1985_Formula_One_World_Championship'}, {'year': 1986, 'url': 'https://en.wikipedia.org/wiki/1986_Formula_One_World_Championship'}, {'year': 1987, 'url': 'https://en.wikipedia.org/wiki/1987_Formula_One_World_Championship'}, {'year': 1988, 'url': 'https://en.wikipedia.org/wiki/1988_Formula_One_World_Championship'}, {'year': 1989, 'url': 'https://en.wikipedia.org/wiki/1989_Formula_One_World_Championship'}, {'year': 1990, 'url': 'https://en.wikipedia.org/wiki/1990_Formula_One_World_Championship'}]",172,132,17,253,0,5,0,0,0,0,0
"{'text': 'Pacific', 'url': 'https://en.wikipedia.org/wiki/Pacific_Racing'}","[{'text': 'United Kingdom', 'url': 'https://en.wikipedia.org/wiki/United_Kingdom'}]","[{'year': 1994, 'url': 'https://en.wikipedia.org/wiki/1994_Formula_One_World_Championship'}, {'year': 1995, 'url': 'https://en.wikipedia.org/wiki/1995_Formula_One_World_Championship'}]",33,22,5,66,0,0,0,0,0,0,0
"{'text': 'Parnelli', 'url': 'https://en.wikipedia.org/wiki/Vel%27s_Parnelli_Jones_Racing'}","[{'text': 'United States', 'url': 'https://en.wikipedia.org/wiki/United_States'}]","[{'year': 1974, 'url': 'https://en.wikipedia.org/wiki/1974_Formula_One_World_Championship'}, {'year': 1975, 'url': 'https://en.wikipedia.org/wiki/1975_Formula_One_World_Championship'}, {'year': 1976, 'url': 'https://en.wikipedia.org/wiki/1976_Formula_One_World_Championship'}]",16,16,1,16,0,6,0,1,0,0,0
"{'text': 'Penske', 'url': 'https://en.wikipedia.org/wiki/Penske_Racing'}","[{'text': 'United States', 'url': 'https://en.wikipedia.org/wiki/United_States'}]","[{'year': 1974, 'url': 'https://en.wikipedia.org/wiki/1974_Formula_One_World_Championship'}, {'year': 1975, 'url': 'https://en.wikipedia.org/wiki/1975_Formula_One_World_Championship'}, {'year': 1976, 'url': 'https://en.wikipedia.org/wiki/1976_Formula_One_World_Championship'}, {'year': 1977, 'url': 'https://en.wikipedia.org/wiki/1977_Formula_One_World_Championship'}]",41,40,7,46,1,23,0,0,3,0,0
"{'text': 'Porsche', 'url': 'https://en.wikipedia.org/wiki/Porsche_in_motorsport#Formula_One'}","[{'text': 'Germany', 'url': 'https://en.wikipedia.org/wiki/Germany'}]","[{'year': 1957, 'url': 'https://en.wikipedia.org/wiki/1957_Formula_One_World_Championship'}, {'year': 1958, 'url': 'https://en.wikipedia.org/wiki/1958_Formula_One_World_Championship'}, {'year': 1959, 'url': 'https://en.wikipedia.org/wiki/1959_Formula_One_World_Championship'}, {'year': 1960, 'url': 'https://en.wikipedia.org/wiki/1960_Formula_One_World_Championship'}, {'year': 1961, 'url': 'https://en.wikipedia.org/wiki/1961_Formula_One_World_Championship'}, {'year': 1962, 'url': 'https://en.wikipedia.org/wiki/1962_Formula_One_World_Championship'}, {'year': 1963, 'url': 'https://en.wikipedia.org/wiki/1963_Formula_One_World_Championship'}, {'year': 1964, 'url': 'https://en.wikipedia.org/wiki/1964_Formula_One_World_Championship'}]",36,33,13,75,1,46,1,0,5,0,0
"{'text': 'Prost', 'url': 'https://en.wikipedia.org/wiki/Prost_Grand_Prix'}","[{'text': 'France', 'url': 'https://en.wikipedia.org/wiki/France'}]","[{'year': 1997, 'url': 'https://en.wikipedia.org/wiki/1997_Formula_One_World_Championship'}, {'year': 1998, 'url': 'https://en.wikipedia.org/wiki/1998_Formula_One_World_Championship'}, {'year': 1999, 'url': 'https://en.wikipedia.org/wiki/1999_Formula_One_World_Championship'}, {'year': 2000, 'url': 'https://en.wikipedia.org/wiki/2000_Formula_One_World_Championship'}, {'year': 2001, 'url': 'https://en.wikipedia.org/wiki/2001_Formula_One_World_Championship'}]",83,83,9,166,0,35,0,0,3,0,0
"{'text': 'RAM', 'url': 'https://en.wikipedia.org/wiki/RAM_Racing'}","[{'text': 'United Kingdom', 'url': 'https://en.wikipedia.org/wiki/United_Kingdom'}]","[{'year': 1983, 'url': 'https://en.wikipedia.org/wiki/1983_Formula_One_World_Championship'}, {'year': 1984, 'url': 'https://en.wikipedia.org/wiki/1984_Formula_One_World_Championship'}, {'year': 1985, 'url': 'https://en.wikipedia.org/wiki/1985_Formula_One_World_Championship'}]",44,31,8,73,0,0,0,0,0,0,0
"{'text': 'Racing Point Force India', 'url': 'https://en.wikipedia.org/wiki/Racing_Point_Force_India'}","[{'text': 'United Kingdom', 'url': 'https://en.wikipedia.org/wiki/United_Kingdom'}]","[{'year': 2018, 'url': 'https://en.wikipedia.org/wiki/2018_Formula_One_World_Championship'}]",9,9,2,18,0,52,0,0,0,0,0
"{'text': 'Racing Point', 'url': 'https://en.wikipedia.org/wiki/Racing_Point_F1_Team'}","[{'text': 'United Kingdom', 'url': 'https://en.wikipedia.org/wiki/United_Kingdom'}]","[{'year': 2019, 'url': 'https://en.wikipedia.org/wiki/2019_Formula_One_World_Championship'}, {'year': 2020, 'url': 'https://en.wikipedia.org/wiki/2020_Formula_One_World_Championship'}]",38,38,3,76,1,268,1,0,4,0,0
"{'text': 'RE', 'url': 'https://en.wikipedia.org/wiki/RE_(automobile)'}","[{'text': 'Rhodesia', 'url': 'https://en.wikipedia.org/wiki/Rhodesia'}]","[{'year': 1965, 'url': 'https://en.wikipedia.org/wiki/1965_Formula_One_World_Championship'}]",1,0,1,1,0,0,0,0,0,0,0
"{'text': 'Renault', 'url': 'https://en.wikipedia.org/wiki/Renault_in_Formula_One'}","[{'text': 'France', 'url': 'https://en.wikipedia.org/wiki/France'}, {'text': 'United Kingdom', 'url': 'https://en.wikipedia.org/wiki/United_Kingdom'}]","[{'year': 1977, 'url': 'https://en.wikipedia.org/wiki/1977_Formula_One_World_Championship'}, {'year': 1978, 'url': 'https://en.wikipedia.org/wiki/1978_Formula_One_World_Championship'}, {'year': 1979, 'url': 'https://en.wikipedia.org/wiki/1979_Formula_One_World_Championship'}, {'year': 1980, 'url': 'https://en.wikipedia.org/wiki/1980_Formula_One_World_Championship'}, {'year': 1981, 'url': 'https://en.wikipedia.org/wiki/1981_Formula_One_World_Championship'}, {'year': 1982, 'url': 'https://en.wikipedia.org/wiki/1982_Formula_One_World_Championship'}, {'year': 1983, 'url': 'https://en.wikipedia.org/wiki/1983_Formula_One_World_Championship'}, {'year': 1984, 'url': 'https://en.wikipedia.org/wiki/1984_Formula_One_World_Championship'}, {'year': 1985, 'url': 'https://en.wikipedia.org/wiki/1985_Formula_One_World_Championship'}, {'year': 2002, 'url': 'https://en.wikipedia.org/wiki/2002_Formula_One_World_Championship'}, {'year': 2003, 'url': 'https://en.wikipedia.org/wiki/2003_Formula_One_World_Championship'}, {'year': 2004, 'url': 'https://en.wikipedia.org/wiki/2004_Formula_One_World_Championship'}, {'year': 2005, 'url': 'https://en.wikipedia.org/wiki/2005_Formula_One_World_Championship'}, {'year': 2006, 'url': 'https://en.wikipedia.org/wiki/2006_Formula_One_World_Championship'}, {'year': 2007, 'url': 'https://en.wikipedia.org/wiki/2007_Formula_One_World_Championship'}, {'year': 2008, 'url': 'https://en.wikipedia.org/wiki/2008_Formula_One_World_Championship'}, {'year': 2009, 'url': 'https://en.wikipedia.org/wiki/2009_Formula_One_World_Championship'}, {'year': 2010, 'url': 'https://en.wikipedia.org/wiki/2010_Formula_One_World_Championship'}, {'year': 2011, 'url': 'https://en.wikipedia.org/wiki/2011_Formula_One_World_Championship'}, {'year': 2016, 'url': 'https://en.wikipedia.org/wiki/2016_Formula_One_World_Championship'}, {'year': 2017, 'url': 'https://en.wikipedia.org/wiki/2017_Formula_One_World_Championship'}, {'year': 2018, 'url': 'https://en.wikipedia.org/wiki/2018_Formula_One_World_Championship'}, {'year': 2019, 'url': 'https://en.wikipedia.org/wiki/2019_Formula_One_World_Championship'}, {'year': 2020, 'url': 'https://en.wikipedia.org/wiki/2020_Formula_One_World_Championship'}]",403,400,26,788,35,1777,51,33,103,2,2
"{'text': 'Rebaque', 'url': 'https://en.wikipedia.org/wiki/Rebaque'}","[{'text': 'Mexico', 'url': 'https://en.wikipedia.org/wiki/Mexico'}]","[{'year': 1979, 'url': 'https://en.wikipedia.org/wiki/1979_Formula_One_World_Championship'}]",3,1,1,3,0,0,0,0,0,0,0
"{'text': 'Rial', 'url': 'https://en.wikipedia.org/wiki/Rial_Racing'}","[{'text': 'Germany', 'url': 'https://en.wikipedia.org/wiki/Germany'}]","[{'year': 1988, 'url': 'https://en.wikipedia.org/wiki/1988_Formula_One_World_Championship'}, {'year': 1989, 'url': 'https://en.wikipedia.org/wiki/1989_Formula_One_World_Championship'}]",32,21,6,48,0,6,0,0,0,0,0
"{'text': 'Scarab', 'url': 'https://en.wikipedia.org/wiki/Scarab_(constructor)'}","[{'text': 'United States', 'url': 'https://en.wikipedia.org/wiki/United_States'}]","[{'year': 1960, 'url': 'https://en.wikipedia.org/wiki/1960_Formula_One_World_Championship'}]",5,2,4,10,0,0,0,0,0,0,0
"{'text': 'Scirocco', 'url': 'https://en.wikipedia.org/wiki/Scirocco-Powell'}","[{'text': 'United Kingdom', 'url': 'https://en.wikipedia.org/wiki/United_Kingdom'}]","[{'year': 1963, 'url': 'https://en.wikipedia.org/wiki/1963_Formula_One_World_Championship'}, {'year': 1964, 'url': 'https://en.wikipedia.org/wiki/1964_Formula_One_World_Championship'}]",7,5,3,9,0,0,0,0,0,0,0
"{'text': 'Shadow', 'url': 'https://en.wikipedia.org/wiki/Shadow_Racing_Cars'}","[{'text': 'United States', 'url': 'https://en.wikipedia.org/wiki/United_States'}, {'text': 'United Kingdom', 'url': 'https://en.wikipedia.org/wiki/United_Kingdom'}]","[{'year': 1973, 'url': 'https://en.wikipedia.org/wiki/1973_Formula_One_World_Championship'}, {'year': 1974, 'url': 'https://en.wikipedia.org/wiki/1974_Formula_One_World_Championship'}, {'year': 1975, 'url': 'https://en.wikipedia.org/wiki/1975_Formula_One_World_Championship'}, {'year': 1976, 'url': 'https://en.wikipedia.org/wiki/1976_Formula_One_World_Championship'}, {'year': 1977, 'url': 'https://en.wikipedia.org/wiki/1977_Formula_One_World_Championship'}, {'year': 1978, 'url': 'https://en.wikipedia.org/wiki/1978_Formula_One_World_Championship'}, {'year': 1979, 'url': 'https://en.wikipedia.org/wiki/1979_Formula_One_World_Championship'}, {'year': 1980, 'url': 'https://en.wikipedia.org/wiki/1980_Formula_One_World_Championship'}]",112,103,21,240,1,67,3,2,7,0,0
"{'text': 'Shannon', 'url': 'https://en.wikipedia.org/wiki/Shannon_(Formula_One)'}","[{'text': 'United Kingdom', 'url': 'https://en.wikipedia.org/wiki/United_Kingdom'}]","[{'year': 1966, 'url': 'https://en.wikipedia.org/wiki/1966_Formula_One_World_Championship'}]",1,1,1,1,0,0,0,0,0,0,0
"{'text': 'Simca-Gordini', 'url': 'https://en.wikipedia.org/wiki/Simca-Gordini'}","[{'text': 'France', 'url': 'https://en.wikipedia.org/wiki/France'}]","[{'year': 1950, 'url': 'https://en.wikipedia.org/wiki/1950_Formula_One_World_Championship'}, {'year': 1951, 'url': 'https://en.wikipedia.org/wiki/1951_Formula_One_World_Championship'}, {'year': 1952, 'url': 'https://en.wikipedia.org/wiki/1952_Formula_One_World_Championship'}, {'year': 1953, 'url': 'https://en.wikipedia.org/wiki/1953_Formula_One_World_Championship'}]",15,14,11,29,0,,0,0,0,,0
"{'text': 'Simtek', 'url': 'https://en.wikipedia.org/wiki/Simtek'}","[{'text': 'United Kingdom', 'url': 'https://en.wikipedia.org/wiki/United_Kingdom'}]","[{'year': 1994, 'url': 'https://en.wikipedia.org/wiki/1994_Formula_One_World_Championship'}, {'year': 1995, 'url': 'https://en.wikipedia.org/wiki/1995_Formula_One_World_Championship'}]",21,21,7,40,0,0,0,0,0,0,0
"{'text': 'Spirit', 'url': 'https://en.wikipedia.org/wiki/Spirit_(racing_team)'}","[{'text': 'United Kingdom', 'url': 'https://en.wikipedia.org/wiki/United_Kingdom'}]","[{'year': 1983, 'url': 'https://en.wikipedia.org/wiki/1983_Formula_One_World_Championship'}, {'year': 1984, 'url': 'https://en.wikipedia.org/wiki/1984_Formula_One_World_Championship'}, {'year': 1985, 'url': 'https://en.wikipedia.org/wiki/1985_Formula_One_World_Championship'}]",25,23,3,25,0,0,0,0,0,0,0
"{'text': 'Spyker', 'url': 'https://en.wikipedia.org/wiki/Spyker_F1'}","[{'text': 'Netherlands', 'url': 'https://en.wikipedia.org/wiki/Netherlands'}]","[{'year': 2007, 'url': 'https://en.wikipedia.org/wiki/2007_Formula_One_World_Championship'}]",17,17,4,34,0,1,0,0,0,0,0
"{'text': 'Stebro', 'url': 'https://en.wikipedia.org/wiki/Stebro'}","[{'text': 'Canada', 'url': 'https://en.wikipedia.org/wiki/Canada'}]","[{'year': 1963, 'url': 'https://en.wikipedia.org/wiki/1963_Formula_One_World_Championship'}]",1,1,1,1,0,0,0,0,0,0,0
"{'text': 'Stewart', 'url': 'https://en.wikipedia.org/wiki/Stewart_Grand_Prix'}","[{'text': 'United Kingdom', 'url': 'https://en.wikipedia.org/wiki/United_Kingdom'}]","[{'year': 1997, 'url': 'https://en.wikipedia.org/wiki/1997_Formula_One_World_Championship'}, {'year': 1998, 'url': 'https://en.wikipedia.org/wiki/1998_Formula_One_World_Championship'}, {'year': 1999, 'url': 'https://en.wikipedia.org/wiki/1999_Formula_One_World_Championship'}]",49,49,4,98,1,47,1,0,5,0,0
"{'text': 'Super Aguri', 'url': 'https://en.wikipedia.org/wiki/Super_Aguri'}","[{'text': 'Japan', 'url': 'https://en.wikipedia.org/wiki/Japan'}]","[{'year': 2006, 'url': 'https://en.wikipedia.org/wiki/2006_Formula_One_World_Championship'}, {'year': 2007, 'url': 'https://en.wikipedia.org/wiki/2007_Formula_One_World_Championship'}, {'year': 2008, 'url': 'https://en.wikipedia.org/wiki/2008_Formula_One_World_Championship'}]",39,39,5,39,0,4,0,0,0,0,0
"{'text': 'Surtees', 'url': 'https://en.wikipedia.org/wiki/Surtees_Racing_Organisation'}","[{'text': 'United Kingdom', 'url': 'https://en.wikipedia.org/wiki/United_Kingdom'}]","[{'year': 1970, 'url': 'https://en.wikipedia.org/wiki/1970_Formula_One_World_Championship'}, {'year': 1971, 'url': 'https://en.wikipedia.org/wiki/1971_Formula_One_World_Championship'}, {'year': 1972, 'url': 'https://en.wikipedia.org/wiki/1972_Formula_One_World_Championship'}, {'year': 1973, 'url': 'https://en.wikipedia.org/wiki/1973_Formula_One_World_Championship'}, {'year': 1974, 'url': 'https://en.wikipedia.org/wiki/1974_Formula_One_World_Championship'}, {'year': 1975, 'url': 'https://en.wikipedia.org/wiki/1975_Formula_One_World_Championship'}, {'year': 1976, 'url': 'https://en.wikipedia.org/wiki/1976_Formula_One_World_Championship'}, {'year': 1977, 'url': 'https://en.wikipedia.org/wiki/1977_Formula_One_World_Championship'}, {'year': 1978, 'url': 'https://en.wikipedia.org/wiki/1978_Formula_One_World_Championship'}]",119,118,38,260,0,53,0,3,2,0,0
"{'text': 'SVA', 'url': 'https://en.wikipedia.org/wiki/Societ%C3%A0_Valdostana_Automobili'}","[{'text': 'Italy', 'url': 'https://en.wikipedia.org/wiki/Italy'}]","[{'year': 1950, 'url': 'https://en.wikipedia.org/wiki/1950_Formula_One_World_Championship'}]",1,0,1,1,0,,0,0,0,,0
"{'text': 'Talbot-Lago', 'url': 'https://en.wikipedia.org/wiki/Talbot-Lago'}","[{'text': 'France', 'url': 'https://en.wikipedia.org/wiki/France'}]","[{'year': 1950, 'url': 'https://en.wikipedia.org/wiki/1950_Formula_One_World_Championship'}, {'year': 1951, 'url': 'https://en.wikipedia.org/wiki/1951_Formula_One_World_Championship'}]",13,13,18,81,0,,0,0,2,,0
"{'text': 'Tec-Mec', 'url': 'https://en.wikipedia.org/wiki/Tec-Mec'}","[{'text': 'United States', 'url': 'https://en.wikipedia.org/wiki/United_States'}]","[{'year': 1959, 'url': 'https://en.wikipedia.org/wiki/1959_Formula_One_World_Championship'}]",1,1,1,1,0,0,0,0,0,0,0
"{'text': 'Tecno', 'url': 'https://en.wikipedia.org/wiki/Tecno_(motorsport)'}","[{'text': 'Italy', 'url': 'https://en.wikipedia.org/wiki/Italy'}]","[{'year': 1972, 'url': 'https://en.wikipedia.org/wiki/1972_Formula_One_World_Championship'}, {'year': 1973, 'url': 'https://en.wikipedia.org/wiki/1973_Formula_One_World_Championship'}]",12,10,3,14,0,1,0,0,0,0,0
"{'text': 'Theodore', 'url': 'https://en.wikipedia.org/wiki/Theodore_Racing'}","[{'text': 'Hong Kong', 'url': 'https://en.wikipedia.org/wiki/Hong_Kong'}]","[{'year': 1978, 'url': 'https://en.wikipedia.org/wiki/1978_Formula_One_World_Championship'}, {'year': 1981, 'url': 'https://en.wikipedia.org/wiki/1981_Formula_One_World_Championship'}, {'year': 1982, 'url': 'https://en.wikipedia.org/wiki/1982_Formula_One_World_Championship'}, {'year': 1983, 'url': 'https://en.wikipedia.org/wiki/1983_Formula_One_World_Championship'}]",51,34,10,64,0,2,0,0,0,0,0
"{'text': 'Token', 'url': 'https://en.wikipedia.org/wiki/Token_Racing'}","[{'text': 'United Kingdom', 'url': 'https://en.wikipedia.org/wiki/United_Kingdom'}]","[{'year': 1974, 'url': 'https://en.wikipedia.org/wiki/1974_Formula_One_World_Championship'}]",4,3,3,4,0,0,0,0,0,0,0
"{'text': 'Toleman', 'url': 'https://en.wikipedia.org/wiki/Toleman'}","[{'text': 'United Kingdom', 'url': 'https://en.wikipedia.org/wiki/United_Kingdom'}]","[{'year': 1981, 'url': 'https://en.wikipedia.org/wiki/1981_Formula_One_World_Championship'}, {'year': 1982, 'url': 'https://en.wikipedia.org/wiki/1982_Formula_One_World_Championship'}, {'year': 1983, 'url': 'https://en.wikipedia.org/wiki/1983_Formula_One_World_Championship'}, {'year': 1984, 'url': 'https://en.wikipedia.org/wiki/1984_Formula_One_World_Championship'}, {'year': 1985, 'url': 'https://en.wikipedia.org/wiki/1985_Formula_One_World_Championship'}]",70,53,9,131,0,26,1,2,3,0,0
"{'text': 'Toro Rosso', 'url': 'https://en.wikipedia.org/wiki/Scuderia_Toro_Rosso'}","[{'text': 'Italy', 'url': 'https://en.wikipedia.org/wiki/Italy'}]","[{'year': 2006, 'url': 'https://en.wikipedia.org/wiki/2006_Formula_One_World_Championship'}, {'year': 2007, 'url': 'https://en.wikipedia.org/wiki/2007_Formula_One_World_Championship'}, {'year': 2008, 'url': 'https://en.wikipedia.org/wiki/2008_Formula_One_World_Championship'}, {'year': 2009, 'url': 'https://en.wikipedia.org/wiki/2009_Formula_One_World_Championship'}, {'year': 2010, 'url': 'https://en.wikipedia.org/wiki/2010_Formula_One_World_Championship'}, {'year': 2011, 'url': 'https://en.wikipedia.org/wiki/2011_Formula_One_World_Championship'}, {'year': 2012, 'url': 'https://en.wikipedia.org/wiki/2012_Formula_One_World_Championship'}, {'year': 2013, 'url': 'https://en.wikipedia.org/wiki/2013_Formula_One_World_Championship'}, {'year': 2014, 'url': 'https://en.wikipedia.org/wiki/2014_Formula_One_World_Championship'}, {'year': 2015, 'url': 'https://en.wikipedia.org/wiki/2015_Formula_One_World_Championship'}, {'year': 2016, 'url': 'https://en.wikipedia.org/wiki/2016_Formula_One_World_Championship'}, {'year': 2017, 'url': 'https://en.wikipedia.org/wiki/2017_Formula_One_World_Championship'}, {'year': 2018, 'url': 'https://en.wikipedia.org/wiki/2018_Formula_One_World_Championship'}, {'year': 2019, 'url': 'https://en.wikipedia.org/wiki/2019_Formula_One_World_Championship'}]",268,268,14,536,1,500,1,1,3,0,0
"{'text': 'Toyota', 'url': 'https://en.wikipedia.org/wiki/Toyota_F1'}","[{'text': 'Japan', 'url': 'https://en.wikipedia.org/wiki/Japan'}]","[{'year': 2002, 'url': 'https://en.wikipedia.org/wiki/2002_Formula_One_World_Championship'}, {'year': 2003, 'url': 'https://en.wikipedia.org/wiki/2003_Formula_One_World_Championship'}, {'year': 2004, 'url': 'https://en.wikipedia.org/wiki/2004_Formula_One_World_Championship'}, {'year': 2005, 'url': 'https://en.wikipedia.org/wiki/2005_Formula_One_World_Championship'}, {'year': 2006, 'url': 'https://en.wikipedia.org/wiki/2006_Formula_One_World_Championship'}, {'year': 2007, 'url': 'https://en.wikipedia.org/wiki/2007_Formula_One_World_Championship'}, {'year': 2008, 'url': 'https://en.wikipedia.org/wiki/2008_Formula_One_World_Championship'}, {'year': 2009, 'url': 'https://en.wikipedia.org/wiki/2009_Formula_One_World_Championship'}]",140,139,9,276,0,278,3,3,13,0,0
"{'text': 'Trojan', 'url': 'https://en.wikipedia.org/wiki/Trojan%E2%80%93Tauranac_Racing'}","[{'text': 'United Kingdom', 'url': 'https://en.wikipedia.org/wiki/United_Kingdom'}]","[{'year': 1974, 'url': 'https://en.wikipedia.org/wiki/1974_Formula_One_World_Championship'}]",8,6,1,8,0,0,0,0,0,0,0
"{'text': 'Tyrrell', 'url': 'https://en.wikipedia.org/wiki/Tyrrell_Racing'}","[{'text': 'United Kingdom', 'url': 'https://en.wikipedia.org/wiki/United_Kingdom'}]","[{'year': 1970, 'url': 'https://en.wikipedia.org/wiki/1970_Formula_One_World_Championship'}, {'year': 1971, 'url': 'https://en.wikipedia.org/wiki/1971_Formula_One_World_Championship'}, {'year': 1972, 'url': 'https://en.wikipedia.org/wiki/1972_Formula_One_World_Championship'}, {'year': 1973, 'url': 'https://en.wikipedia.org/wiki/1973_Formula_One_World_Championship'}, {'year': 1974, 'url': 'https://en.wikipedia.org/wiki/1974_Formula_One_World_Championship'}, {'year': 1975, 'url': 'https://en.wikipedia.org/wiki/1975_Formula_One_World_Championship'}, {'year': 1976, 'url': 'https://en.wikipedia.org/wiki/1976_Formula_One_World_Championship'}, {'year': 1977, 'url': 'https://en.wikipedia.org/wiki/1977_Formula_One_World_Championship'}, {'year': 1978, 'url': 'https://en.wikipedia.org/wiki/1978_Formula_One_World_Championship'}, {'year': 1979, 'url': 'https://en.wikipedia.org/wiki/1979_Formula_One_World_Championship'}, {'year': 1980, 'url': 'https://en.wikipedia.org/wiki/1980_Formula_One_World_Championship'}, {'year': 1981, 'url': 'https://en.wikipedia.org/wiki/1981_Formula_One_World_Championship'}, {'year': 1982, 'url': 'https://en.wikipedia.org/wiki/1982_Formula_One_World_Championship'}, {'year': 1983, 'url': 'https://en.wikipedia.org/wiki/1983_Formula_One_World_Championship'}, {'year': 1984, 'url': 'https://en.wikipedia.org/wiki/1984_Formula_One_World_Championship'}, {'year': 1985, 'url': 'https://en.wikipedia.org/wiki/1985_Formula_One_World_Championship'}, {'year': 1986, 'url': 'https://en.wikipedia.org/wiki/1986_Formula_One_World_Championship'}, {'year': 1987, 'url': 'https://en.wikipedia.org/wiki/1987_Formula_One_World_Championship'}, {'year': 1988, 'url': 'https://en.wikipedia.org/wiki/1988_Formula_One_World_Championship'}, {'year': 1989, 'url': 'https://en.wikipedia.org/wiki/1989_Formula_One_World_Championship'}, {'year': 1990, 'url': 'https://en.wikipedia.org/wiki/1990_Formula_One_World_Championship'}, {'year': 1991, 'url': 'https://en.wikipedia.org/wiki/1991_Formula_One_World_Championship'}, {'year': 1992, 'url': 'https://en.wikipedia.org/wiki/1992_Formula_One_World_Championship'}, {'year': 1993, 'url': 'https://en.wikipedia.org/wiki/1993_Formula_One_World_Championship'}, {'year': 1994, 'url': 'https://en.wikipedia.org/wiki/1994_Formula_One_World_Championship'}, {'year': 1995, 'url': 'https://en.wikipedia.org/wiki/1995_Formula_One_World_Championship'}, {'year': 1996, 'url': 'https://en.wikipedia.org/wiki/1996_Formula_One_World_Championship'}, {'year': 1997, 'url': 'https://en.wikipedia.org/wiki/1997_Formula_One_World_Championship'}, {'year': 1998, 'url': 'https://en.wikipedia.org/wiki/1998_Formula_One_World_Championship'}]",433,430,47,884,23,617,14,20,77,1,2
"{'text': 'Vanwall', 'url': 'https://en.wikipedia.org/wiki/Vanwall'}","[{'text': 'United Kingdom', 'url': 'https://en.wikipedia.org/wiki/United_Kingdom'}]","[{'year': 1954, 'url': 'https://en.wikipedia.org/wiki/1954_Formula_One_World_Championship'}, {'year': 1955, 'url': 'https://en.wikipedia.org/wiki/1955_Formula_One_World_Championship'}, {'year': 1956, 'url': 'https://en.wikipedia.org/wiki/1956_Formula_One_World_Championship'}, {'year': 1957, 'url': 'https://en.wikipedia.org/wiki/1957_Formula_One_World_Championship'}, {'year': 1958, 'url': 'https://en.wikipedia.org/wiki/1958_Formula_One_World_Championship'}, {'year': 1959, 'url': 'https://en.wikipedia.org/wiki/1959_Formula_One_World_Championship'}, {'year': 1960, 'url': 'https://en.wikipedia.org/wiki/1960_Formula_One_World_Championship'}]",29,28,12,66,9,48,7,6,13,1,0
"{'text': 'Venturi', 'url': 'https://en.wikipedia.org/wiki/Venturi_Automobiles'}","[{'text': 'France', 'url': 'https://en.wikipedia.org/wiki/France'}]","[{'year': 1992, 'url': 'https://en.wikipedia.org/wiki/1992_Formula_One_World_Championship'}]",16,16,2,32,0,1,0,0,0,0,0
"{'text': 'Veritas', 'url': 'https://en.wikipedia.org/wiki/Veritas_(automobile)'}","[{'text': 'Germany', 'url': 'https://en.wikipedia.org/wiki/Germany'}]","[{'year': 1951, 'url': 'https://en.wikipedia.org/wiki/1951_Formula_One_World_Championship'}, {'year': 1952, 'url': 'https://en.wikipedia.org/wiki/1952_Formula_One_World_Championship'}, {'year': 1953, 'url': 'https://en.wikipedia.org/wiki/1953_Formula_One_World_Championship'}]",6,6,15,18,0,,0,0,0,,0
"{'text': 'Virgin', 'url': 'https://en.wikipedia.org/wiki/Virgin_Racing'}","[{'text': 'United Kingdom', 'url': 'https://en.wikipedia.org/wiki/United_Kingdom'}, {'text': 'Russia', 'url': 'https://en.wikipedia.org/wiki/Russia'}]","[{'year': 2010, 'url': 'https://en.wikipedia.org/wiki/2010_Formula_One_World_Championship'}, {'year': 2011, 'url': 'https://en.wikipedia.org/wiki/2011_Formula_One_World_Championship'}]",38,38,3,76,0,0,0,0,0,0,0
"{'text': 'Wolf', 'url': 'https://en.wikipedia.org/wiki/Walter_Wolf_Racing'}","[{'text': 'Canada', 'url': 'https://en.wikipedia.org/wiki/Canada'}]","[{'year': 1977, 'url': 'https://en.wikipedia.org/wiki/1977_Formula_One_World_Championship'}, {'year': 1978, 'url': 'https://en.wikipedia.org/wiki/1978_Formula_One_World_Championship'}, {'year': 1979, 'url': 'https://en.wikipedia.org/wiki/1979_Formula_One_World_Championship'}]",48,47,4,54,3,79,1,2,13,0,0
"{'text': 'Zakspeed', 'url': 'https://en.wikipedia.org/wiki/Zakspeed'}","[{'text': 'Germany', 'url': 'https://en.wikipedia.org/wiki/Germany'}]","[{'year': 1985, 'url': 'https://en.wikipedia.org/wiki/1985_Formula_One_World_Championship'}, {'year': 1986, 'url': 'https://en.wikipedia.org/wiki/1986_Formula_One_World_Championship'}, {'year': 1987, 'url': 'https://en.wikipedia.org/wiki/1987_Formula_One_World_Championship'}, {'year': 1988, 'url': 'https://en.wikipedia.org/wiki/1988_Formula_One_World_Championship'}, {'year': 1989, 'url': 'https://en.wikipedia.org/wiki/1989_Formula_One_World_Championship'}]",74,54,7,136,0,2,0,0,0,0,0
