season,grand_prix,lap,restart_status,winner,incident,failed_to_make_restart
,"{'text': 'Crash, injured', 'url': None}",,,,,
,"{'text': 'Spun off', 'url': None}",,,,,
,"{'text': 'Throttle', 'url': None}",,,,,
1974,"{'text': 'Brazilian', 'url': 'https://en.wikipedia.org/wiki/1974_Brazilian_Grand_Prix'}",32,"{'code': 'N', 'description': 'race_was_not_restarted'}","{'text': 'Emerson Fittipaldi', 'url': 'https://en.wikipedia.org/wiki/Emerson_Fittipaldi'}",Rain.,"{'drivers': [], 'reason': None}"
1975,"{'text': 'Spanish', 'url': 'https://en.wikipedia.org/wiki/1975_Spanish_Grand_Prix'}",29,"{'code': 'N', 'description': 'race_was_not_restarted'}","{'text': 'Jochen Mass', 'url': 'https://en.wikipedia.org/wiki/Jochen_Mass'}",Crash of Rolf Stommelen which killed four people. Half points were awarded.,"{'drivers': [], 'reason': None}"
1975,"{'text': 'British', 'url': 'https://en.wikipedia.org/wiki/1975_British_Grand_Prix'}",56,"{'code': 'N', 'description': 'race_was_not_restarted'}","{'text': 'Emerson Fittipaldi', 'url': 'https://en.wikipedia.org/wiki/Emerson_Fittipaldi'}","Rain and crashes involving Wilson Fittipaldi , Jochen Mass , John Watson , Carlos Pace , Jody Scheckter , James Hunt and Mark Donohue .","{'drivers': [], 'reason': None}"
1975,"{'text': 'Austrian', 'url': 'https://en.wikipedia.org/wiki/1975_Austrian_Grand_Prix'}",29,"{'code': 'N', 'description': 'race_was_not_restarted'}","{'text': 'Vittorio Brambilla', 'url': 'https://en.wikipedia.org/wiki/Vittorio_Brambilla'}",Rain. Half points were awarded.,"{'drivers': [], 'reason': None}"
1976,"{'text': 'British', 'url': 'https://en.wikipedia.org/wiki/1976_British_Grand_Prix'}",1,"{'code': 'Y', 'description': 'race_was_restarted_over_original_distance'}","{'text': 'Niki Lauda', 'url': 'https://en.wikipedia.org/wiki/Niki_Lauda'}","Crash at the start involving Clay Regazzoni , James Hunt , Jacques Laffite and Niki Lauda .","{'drivers': [{'text': 'Clay Regazzoni', 'url': 'https://en.wikipedia.org/wiki/Clay_Regazzoni'}, {'text': 'Jacques Laffite', 'url': 'https://en.wikipedia.org/wiki/Jacques_Laffite'}, {'text': 'James Hunt', 'url': 'https://en.wikipedia.org/wiki/James_Hunt'}], 'reason': None}"
1976,"{'text': 'German', 'url': 'https://en.wikipedia.org/wiki/1976_German_Grand_Prix'}",2,"{'code': 'Y', 'description': 'race_was_restarted_over_original_distance'}","{'text': 'James Hunt', 'url': 'https://en.wikipedia.org/wiki/James_Hunt'}","Crash involving Niki Lauda , Brett Lunger and Harald Ertl .","{'drivers': [{'text': 'Niki Lauda', 'url': 'https://en.wikipedia.org/wiki/Niki_Lauda'}], 'reason': 'Crash, injured'}"
1976,"{'text': 'German', 'url': 'https://en.wikipedia.org/wiki/1976_German_Grand_Prix'}",2,"{'code': 'Y', 'description': 'race_was_restarted_over_original_distance'}","{'text': 'James Hunt', 'url': 'https://en.wikipedia.org/wiki/James_Hunt'}","Crash involving Niki Lauda , Brett Lunger and Harald Ertl .","{'drivers': [{'text': 'Brett Lunger', 'url': 'https://en.wikipedia.org/wiki/Brett_Lunger'}, {'text': 'Harald Ertl', 'url': 'https://en.wikipedia.org/wiki/Harald_Ertl'}], 'reason': 'Crash'}"
1976,"{'text': 'German', 'url': 'https://en.wikipedia.org/wiki/1976_German_Grand_Prix'}",2,"{'code': 'Y', 'description': 'race_was_restarted_over_original_distance'}","{'text': 'James Hunt', 'url': 'https://en.wikipedia.org/wiki/James_Hunt'}","Crash involving Niki Lauda , Brett Lunger and Harald Ertl .","{'drivers': [{'text': 'Chris Amon', 'url': 'https://en.wikipedia.org/wiki/Chris_Amon'}], 'reason': 'Withdrew'}"
1976,"{'text': 'German', 'url': 'https://en.wikipedia.org/wiki/1976_German_Grand_Prix'}",2,"{'code': 'Y', 'description': 'race_was_restarted_over_original_distance'}","{'text': 'James Hunt', 'url': 'https://en.wikipedia.org/wiki/James_Hunt'}","Crash involving Niki Lauda , Brett Lunger and Harald Ertl .","{'drivers': [{'text': 'Hans-Joachim Stuck', 'url': 'https://en.wikipedia.org/wiki/Hans-Joachim_Stuck'}], 'reason': 'Clutch'}"
1976,"{'text': 'German', 'url': 'https://en.wikipedia.org/wiki/1976_German_Grand_Prix'}",2,"{'code': 'Y', 'description': 'race_was_restarted_over_original_distance'}","{'text': 'James Hunt', 'url': 'https://en.wikipedia.org/wiki/James_Hunt'}","Crash involving Niki Lauda , Brett Lunger and Harald Ertl .","{'drivers': [{'text': 'Jacques Laffite', 'url': 'https://en.wikipedia.org/wiki/Jacques_Laffite'}], 'reason': 'Gearbox'}"
1978,"{'text': 'Austrian', 'url': 'https://en.wikipedia.org/wiki/1978_Austrian_Grand_Prix'}",7,"{'code': 'R', 'description': 'race_was_resumed_to_complete_original_distance'}","{'text': 'Ronnie Peterson', 'url': 'https://en.wikipedia.org/wiki/Ronnie_Peterson'}",Rain. The race was decided by combining the time from the first 7 laps with the time from the restarted 47 laps.,"{'drivers': [{'text': 'Mario Andretti', 'url': 'https://en.wikipedia.org/wiki/Mario_Andretti'}, {'text': 'Jody Scheckter', 'url': 'https://en.wikipedia.org/wiki/Jody_Scheckter'}, {'text': 'Nelson Piquet', 'url': 'https://en.wikipedia.org/wiki/Nelson_Piquet'}, {'text': 'Héctor Rebaque', 'url': 'https://en.wikipedia.org/wiki/H%C3%A9ctor_Rebaque'}, {'text': 'Harald Ertl', 'url': 'https://en.wikipedia.org/wiki/Harald_Ertl'}, {'text': 'Riccardo Patrese', 'url': 'https://en.wikipedia.org/wiki/Riccardo_Patrese'}, {'text': 'Alan Jones', 'url': 'https://en.wikipedia.org/wiki/Alan_Jones_(racing_driver)'}, {'text': 'James Hunt', 'url': 'https://en.wikipedia.org/wiki/James_Hunt'}], 'reason': 'Spun off'}"
1978,"{'text': 'Italian', 'url': 'https://en.wikipedia.org/wiki/1978_Italian_Grand_Prix'}",1,"{'code': 'S', 'description': 'race_was_restarted_or_resumed_without_completing_original_distance'}","{'text': 'Niki Lauda', 'url': 'https://en.wikipedia.org/wiki/Niki_Lauda'}","Crash involving Ronnie Peterson , Riccardo Patrese , James Hunt , Vittorio Brambilla , Hans-Joachim Stuck , Patrick Depailler , Didier Pironi , Derek Daly , Clay Regazzoni and Brett Lunger . The race was shortened to 40 laps from the scheduled 52 laps due to the concerns over darkness.","{'drivers': [{'text': 'Ronnie Peterson', 'url': 'https://en.wikipedia.org/wiki/Ronnie_Peterson'}], 'reason': 'Fatal crash'}"
1978,"{'text': 'Italian', 'url': 'https://en.wikipedia.org/wiki/1978_Italian_Grand_Prix'}",1,"{'code': 'S', 'description': 'race_was_restarted_or_resumed_without_completing_original_distance'}","{'text': 'Niki Lauda', 'url': 'https://en.wikipedia.org/wiki/Niki_Lauda'}","Crash involving Ronnie Peterson , Riccardo Patrese , James Hunt , Vittorio Brambilla , Hans-Joachim Stuck , Patrick Depailler , Didier Pironi , Derek Daly , Clay Regazzoni and Brett Lunger . The race was shortened to 40 laps from the scheduled 52 laps due to the concerns over darkness.","{'drivers': [{'text': 'Vittorio Brambilla', 'url': 'https://en.wikipedia.org/wiki/Vittorio_Brambilla'}, {'text': 'Hans-Joachim Stuck', 'url': 'https://en.wikipedia.org/wiki/Hans-Joachim_Stuck'}], 'reason': 'Injured'}"
1978,"{'text': 'Italian', 'url': 'https://en.wikipedia.org/wiki/1978_Italian_Grand_Prix'}",1,"{'code': 'S', 'description': 'race_was_restarted_or_resumed_without_completing_original_distance'}","{'text': 'Niki Lauda', 'url': 'https://en.wikipedia.org/wiki/Niki_Lauda'}","Crash involving Ronnie Peterson , Riccardo Patrese , James Hunt , Vittorio Brambilla , Hans-Joachim Stuck , Patrick Depailler , Didier Pironi , Derek Daly , Clay Regazzoni and Brett Lunger . The race was shortened to 40 laps from the scheduled 52 laps due to the concerns over darkness.","{'drivers': [{'text': 'Didier Pironi', 'url': 'https://en.wikipedia.org/wiki/Didier_Pironi'}], 'reason': 'Spare car used by teammate'}"
1978,"{'text': 'Italian', 'url': 'https://en.wikipedia.org/wiki/1978_Italian_Grand_Prix'}",1,"{'code': 'S', 'description': 'race_was_restarted_or_resumed_without_completing_original_distance'}","{'text': 'Niki Lauda', 'url': 'https://en.wikipedia.org/wiki/Niki_Lauda'}","Crash involving Ronnie Peterson , Riccardo Patrese , James Hunt , Vittorio Brambilla , Hans-Joachim Stuck , Patrick Depailler , Didier Pironi , Derek Daly , Clay Regazzoni and Brett Lunger . The race was shortened to 40 laps from the scheduled 52 laps due to the concerns over darkness.","{'drivers': [{'text': 'Brett Lunger', 'url': 'https://en.wikipedia.org/wiki/Brett_Lunger'}], 'reason': 'No spare car available'}"
1979,"{'text': 'Argentine', 'url': 'https://en.wikipedia.org/wiki/1979_Argentine_Grand_Prix'}",1,"{'code': 'Y', 'description': 'race_was_restarted_over_original_distance'}","{'text': 'Jacques Laffite', 'url': 'https://en.wikipedia.org/wiki/Jacques_Laffite'}","A huge crash involving Jody Scheckter , Arturo Merzario , Didier Pironi , Nelson Piquet , John Watson , Patrick Tambay and Mario Andretti .","{'drivers': [{'text': 'Arturo Merzario', 'url': 'https://en.wikipedia.org/wiki/Arturo_Merzario'}, {'text': 'Didier Pironi', 'url': 'https://en.wikipedia.org/wiki/Didier_Pironi'}], 'reason': 'Crash'}"
1979,"{'text': 'Argentine', 'url': 'https://en.wikipedia.org/wiki/1979_Argentine_Grand_Prix'}",1,"{'code': 'Y', 'description': 'race_was_restarted_over_original_distance'}","{'text': 'Jacques Laffite', 'url': 'https://en.wikipedia.org/wiki/Jacques_Laffite'}","A huge crash involving Jody Scheckter , Arturo Merzario , Didier Pironi , Nelson Piquet , John Watson , Patrick Tambay and Mario Andretti .","{'drivers': [{'text': 'Jody Scheckter', 'url': 'https://en.wikipedia.org/wiki/Jody_Scheckter'}, {'text': 'Nelson Piquet', 'url': 'https://en.wikipedia.org/wiki/Nelson_Piquet'}], 'reason': 'Injured'}"
1979,"{'text': 'Argentine', 'url': 'https://en.wikipedia.org/wiki/1979_Argentine_Grand_Prix'}",1,"{'code': 'Y', 'description': 'race_was_restarted_over_original_distance'}","{'text': 'Jacques Laffite', 'url': 'https://en.wikipedia.org/wiki/Jacques_Laffite'}","A huge crash involving Jody Scheckter , Arturo Merzario , Didier Pironi , Nelson Piquet , John Watson , Patrick Tambay and Mario Andretti .","{'drivers': [{'text': 'Patrick Tambay', 'url': 'https://en.wikipedia.org/wiki/Patrick_Tambay'}], 'reason': 'Spare car used by teammate'}"
1979,"{'text': 'South African', 'url': 'https://en.wikipedia.org/wiki/1979_South_African_Grand_Prix'}",2,"{'code': 'R', 'description': 'race_was_resumed_to_complete_original_distance'}","{'text': 'Gilles Villeneuve', 'url': 'https://en.wikipedia.org/wiki/Gilles_Villeneuve'}",Rain.,"{'drivers': [], 'reason': None}"
1980,"{'text': 'Canadian', 'url': 'https://en.wikipedia.org/wiki/1980_Canadian_Grand_Prix'}",1,"{'code': 'Y', 'description': 'race_was_restarted_over_original_distance'}","{'text': 'Alan Jones', 'url': 'https://en.wikipedia.org/wiki/Alan_Jones_(racing_driver)'}","Crash involving Jean-Pierre Jarier , Derek Daly , Emerson Fittipaldi , Keke Rosberg , Mario Andretti , Gilles Villeneuve and Jochen Mass .","{'drivers': [{'text': 'Derek Daly', 'url': 'https://en.wikipedia.org/wiki/Derek_Daly'}], 'reason': 'No spare car available'}"
1980,"{'text': 'Canadian', 'url': 'https://en.wikipedia.org/wiki/1980_Canadian_Grand_Prix'}",1,"{'code': 'Y', 'description': 'race_was_restarted_over_original_distance'}","{'text': 'Alan Jones', 'url': 'https://en.wikipedia.org/wiki/Alan_Jones_(racing_driver)'}","Crash involving Jean-Pierre Jarier , Derek Daly , Emerson Fittipaldi , Keke Rosberg , Mario Andretti , Gilles Villeneuve and Jochen Mass .","{'drivers': [{'text': 'Mike Thackwell', 'url': 'https://en.wikipedia.org/wiki/Mike_Thackwell'}], 'reason': 'Car used by teammate'}"
1981,"{'text': 'Belgian', 'url': 'https://en.wikipedia.org/wiki/1981_Belgian_Grand_Prix'}",2,"{'code': 'R', 'description': 'race_was_resumed_to_complete_original_distance'}","{'text': 'Carlos Reutemann', 'url': 'https://en.wikipedia.org/wiki/Carlos_Reutemann'}","Start crash that involved Riccardo Patrese and teammate Siegfried Stohr , injuring Patrese's mechanic.","{'drivers': [{'text': 'Riccardo Patrese', 'url': 'https://en.wikipedia.org/wiki/Riccardo_Patrese'}, {'text': 'Siegfried Stohr', 'url': 'https://en.wikipedia.org/wiki/Siegfried_Stohr'}], 'reason': 'Team withdrew after mechanic got injured'}"
1981,"{'text': 'Belgian', 'url': 'https://en.wikipedia.org/wiki/1981_Belgian_Grand_Prix'}",54,"{'code': 'N', 'description': 'race_was_not_restarted'}","{'text': 'Carlos Reutemann', 'url': 'https://en.wikipedia.org/wiki/Carlos_Reutemann'}",Rain.,"{'drivers': [], 'reason': None}"
1981,"{'text': 'French', 'url': 'https://en.wikipedia.org/wiki/1981_French_Grand_Prix'}",58,"{'code': 'R', 'description': 'race_was_resumed_to_complete_original_distance'}","{'text': 'Alain Prost', 'url': 'https://en.wikipedia.org/wiki/Alain_Prost'}",Rain. The race was decided by combining the time from the first 58 laps with the time from the restarted 22 laps.,"{'drivers': [], 'reason': None}"
1982,"{'text': 'Detroit', 'url': 'https://en.wikipedia.org/wiki/1982_Detroit_Grand_Prix'}",7,"{'code': 'S', 'description': 'race_was_restarted_or_resumed_without_completing_original_distance'}","{'text': 'John Watson', 'url': 'https://en.wikipedia.org/wiki/John_Watson_(racing_driver)'}","Crash involving Elio de Angelis , Roberto Guerrero , and Riccardo Patrese . The race was decided by combining the time from the first 6 laps with the time from the restarted 64 laps, shortened to 56 laps due to the two-hour time limit.","{'drivers': [{'text': 'Riccardo Patrese', 'url': 'https://en.wikipedia.org/wiki/Riccardo_Patrese'}, {'text': 'Roberto Guerrero', 'url': 'https://en.wikipedia.org/wiki/Roberto_Guerrero'}], 'reason': 'Crash'}"
1982,"{'text': 'Canadian', 'url': 'https://en.wikipedia.org/wiki/1982_Canadian_Grand_Prix'}",1,"{'code': 'Y', 'description': 'race_was_restarted_over_original_distance'}","{'text': 'Nelson Piquet', 'url': 'https://en.wikipedia.org/wiki/Nelson_Piquet'}","Didier Pironi stalled his car at the start, causing Riccardo Paletti to crash fatally into the back of Pironi's car. Geoff Lees , Raul Boesel and Eliseo Salazar were also involved in separate crashes at the start.","{'drivers': [{'text': 'Riccardo Paletti', 'url': 'https://en.wikipedia.org/wiki/Riccardo_Paletti'}], 'reason': 'Fatal crash'}"
1982,"{'text': 'Canadian', 'url': 'https://en.wikipedia.org/wiki/1982_Canadian_Grand_Prix'}",1,"{'code': 'Y', 'description': 'race_was_restarted_over_original_distance'}","{'text': 'Nelson Piquet', 'url': 'https://en.wikipedia.org/wiki/Nelson_Piquet'}","Didier Pironi stalled his car at the start, causing Riccardo Paletti to crash fatally into the back of Pironi's car. Geoff Lees , Raul Boesel and Eliseo Salazar were also involved in separate crashes at the start.","{'drivers': [{'text': 'Geoff Lees', 'url': 'https://en.wikipedia.org/wiki/Geoff_Lees_(racing_driver)'}], 'reason': 'Crash'}"
1982,"{'text': 'Canadian', 'url': 'https://en.wikipedia.org/wiki/1982_Canadian_Grand_Prix'}",1,"{'code': 'Y', 'description': 'race_was_restarted_over_original_distance'}","{'text': 'Nelson Piquet', 'url': 'https://en.wikipedia.org/wiki/Nelson_Piquet'}","Didier Pironi stalled his car at the start, causing Riccardo Paletti to crash fatally into the back of Pironi's car. Geoff Lees , Raul Boesel and Eliseo Salazar were also involved in separate crashes at the start.","{'drivers': [{'text': 'Jean-Pierre Jarier', 'url': 'https://en.wikipedia.org/wiki/Jean-Pierre_Jarier'}], 'reason': 'Withdrew'}"
1984,"{'text': 'Monaco', 'url': 'https://en.wikipedia.org/wiki/1984_Monaco_Grand_Prix'}",31,"{'code': 'N', 'description': 'race_was_not_restarted'}","{'text': 'Alain Prost', 'url': 'https://en.wikipedia.org/wiki/Alain_Prost'}",Rain. Half points were awarded.,"{'drivers': [], 'reason': None}"
1984,"{'text': 'Detroit', 'url': 'https://en.wikipedia.org/wiki/1984_Detroit_Grand_Prix'}",1,"{'code': 'Y', 'description': 'race_was_restarted_over_original_distance'}","{'text': 'Nelson Piquet', 'url': 'https://en.wikipedia.org/wiki/Nelson_Piquet'}","Crash at the start involving Nelson Piquet , Ayrton Senna , Michele Alboreto and Marc Surer","{'drivers': [{'text': 'Marc Surer', 'url': 'https://en.wikipedia.org/wiki/Marc_Surer'}], 'reason': 'No spare car available'}"
1984,"{'text': 'British', 'url': 'https://en.wikipedia.org/wiki/1984_British_Grand_Prix'}",11,"{'code': 'S', 'description': 'race_was_restarted_or_resumed_without_completing_original_distance'}","{'text': 'Niki Lauda', 'url': 'https://en.wikipedia.org/wiki/Niki_Lauda'}","Crash of Jonathan Palmer . The race was restarted for 60 laps, rather than the original 64 laps.","{'drivers': [], 'reason': None}"
1984,"{'text': 'Austrian', 'url': 'https://en.wikipedia.org/wiki/1984_Austrian_Grand_Prix'}",1,"{'code': 'Y', 'description': 'race_was_restarted_over_original_distance'}","{'text': 'Niki Lauda', 'url': 'https://en.wikipedia.org/wiki/Niki_Lauda'}",Improper start procedure.,"{'drivers': [], 'reason': None}"
1985,"{'text': 'Austrian', 'url': 'https://en.wikipedia.org/wiki/1985_Austrian_Grand_Prix'}",1,"{'code': 'Y', 'description': 'race_was_restarted_over_original_distance'}","{'text': 'Alain Prost', 'url': 'https://en.wikipedia.org/wiki/Alain_Prost'}","Crash at the start involving Teo Fabi , Elio de Angelis , Michele Alboreto and Gerhard Berger .","{'drivers': [{'text': 'Piercarlo Ghinzani', 'url': 'https://en.wikipedia.org/wiki/Piercarlo_Ghinzani'}], 'reason': 'Car used by teammate'}"
1986,"{'text': 'British', 'url': 'https://en.wikipedia.org/wiki/1986_British_Grand_Prix'}",1,"{'code': 'Y', 'description': 'race_was_restarted_over_original_distance'}","{'text': 'Nigel Mansell', 'url': 'https://en.wikipedia.org/wiki/Nigel_Mansell'}","Nigel Mansell suffered a driveshaft failure at the start, resulting in a crash involving a number of cars which included Thierry Boutsen , Jacques Laffite , Christian Danner , Piercarlo Ghinzani , Allen Berg and Jonathan Palmer .","{'drivers': [{'text': 'Jacques Laffite', 'url': 'https://en.wikipedia.org/wiki/Jacques_Laffite'}], 'reason': 'Injured'}"
1986,"{'text': 'British', 'url': 'https://en.wikipedia.org/wiki/1986_British_Grand_Prix'}",1,"{'code': 'Y', 'description': 'race_was_restarted_over_original_distance'}","{'text': 'Nigel Mansell', 'url': 'https://en.wikipedia.org/wiki/Nigel_Mansell'}","Nigel Mansell suffered a driveshaft failure at the start, resulting in a crash involving a number of cars which included Thierry Boutsen , Jacques Laffite , Christian Danner , Piercarlo Ghinzani , Allen Berg and Jonathan Palmer .","{'drivers': [{'text': 'Christian Danner', 'url': 'https://en.wikipedia.org/wiki/Christian_Danner'}], 'reason': 'Spare car used by teammate'}"
1986,"{'text': 'British', 'url': 'https://en.wikipedia.org/wiki/1986_British_Grand_Prix'}",1,"{'code': 'Y', 'description': 'race_was_restarted_over_original_distance'}","{'text': 'Nigel Mansell', 'url': 'https://en.wikipedia.org/wiki/Nigel_Mansell'}","Nigel Mansell suffered a driveshaft failure at the start, resulting in a crash involving a number of cars which included Thierry Boutsen , Jacques Laffite , Christian Danner , Piercarlo Ghinzani , Allen Berg and Jonathan Palmer .","{'drivers': [{'text': 'Piercarlo Ghinzani', 'url': 'https://en.wikipedia.org/wiki/Piercarlo_Ghinzani'}, {'text': 'Allen Berg', 'url': 'https://en.wikipedia.org/wiki/Allen_Berg'}], 'reason': 'No spare car available'}"
1987,"{'text': 'Belgian', 'url': 'https://en.wikipedia.org/wiki/1987_Belgian_Grand_Prix'}",2,"{'code': 'Y', 'description': 'race_was_restarted_over_original_distance'}","{'text': 'Alain Prost', 'url': 'https://en.wikipedia.org/wiki/Alain_Prost'}",Crash involving Jonathan Palmer and Philippe Streiff .,"{'drivers': [{'text': 'Jonathan Palmer', 'url': 'https://en.wikipedia.org/wiki/Jonathan_Palmer'}], 'reason': 'Spare car used by teammate'}"
1987,"{'text': 'Austrian', 'url': 'https://en.wikipedia.org/wiki/1987_Austrian_Grand_Prix'}",1,"{'code': 'Y', 'description': 'race_was_restarted_over_original_distance'}","{'text': 'Nigel Mansell', 'url': 'https://en.wikipedia.org/wiki/Nigel_Mansell'}","The first race start ended quickly after Martin Brundle crashed, then Jonathan Palmer , Philippe Streiff and Piercarlo Ghinzani collided.","{'drivers': [], 'reason': None}"
1987,"{'text': 'Austrian', 'url': 'https://en.wikipedia.org/wiki/1987_Austrian_Grand_Prix'}",1,"{'code': 'Y', 'description': 'race_was_restarted_over_original_distance'}","{'text': 'Nigel Mansell', 'url': 'https://en.wikipedia.org/wiki/Nigel_Mansell'}","The second race start ended quickly after Nigel Mansell crawled away with clutch problems and then Eddie Cheever and Riccardo Patrese collided and half the grid, including Stefan Johansson , Alex Caffi , Ivan Capelli , Pascal Fabre , Philippe Alliot , Martin Brundle and Christian Danner were involved in the ensuing pile-up.","{'drivers': [{'text': 'Philippe Streiff', 'url': 'https://en.wikipedia.org/wiki/Philippe_Streiff'}], 'reason': 'Spare car used by teammate'}"
1987,"{'text': 'Portuguese', 'url': 'https://en.wikipedia.org/wiki/1987_Portuguese_Grand_Prix'}",2,"{'code': 'Y', 'description': 'race_was_restarted_over_original_distance'}","{'text': 'Alain Prost', 'url': 'https://en.wikipedia.org/wiki/Alain_Prost'}","A multi-car collision on the opening lap. Nelson Piquet and Michele Alboreto collided at the start. Derek Warwick , Satoru Nakajima , Martin Brundle , Christian Danner , Philippe Alliot , René Arnoux and Adrián Campos were all involved in the ensuing crash.","{'drivers': [{'text': 'Christian Danner', 'url': 'https://en.wikipedia.org/wiki/Christian_Danner'}], 'reason': 'Spare car used by teammate'}"
1987,"{'text': 'Mexican', 'url': 'https://en.wikipedia.org/wiki/1987_Mexican_Grand_Prix'}",30,"{'code': 'S', 'description': 'race_was_restarted_or_resumed_without_completing_original_distance'}","{'text': 'Nigel Mansell', 'url': 'https://en.wikipedia.org/wiki/Nigel_Mansell'}",Crash of Derek Warwick . The race was decided by combining the time from the first 30 laps with the time from the restarted 33 laps.,"{'drivers': [], 'reason': None}"
1988,"{'text': 'Portuguese', 'url': 'https://en.wikipedia.org/wiki/1988_Portuguese_Grand_Prix'}",1,"{'code': 'Y', 'description': 'race_was_restarted_over_original_distance'}","{'text': 'Alain Prost', 'url': 'https://en.wikipedia.org/wiki/Alain_Prost'}","After the first start was aborted, the second start was red-flagged after Derek Warwick stalled his car and was hit by Andrea de Cesaris , with Luis Pérez-Sala and Satoru Nakajima also involved.","{'drivers': [], 'reason': None}"
1989,"{'text': 'San Marino', 'url': 'https://en.wikipedia.org/wiki/1989_San_Marino_Grand_Prix'}",4,"{'code': 'S', 'description': 'race_was_restarted_or_resumed_without_completing_original_distance'}","{'text': 'Ayrton Senna', 'url': 'https://en.wikipedia.org/wiki/Ayrton_Senna'}","Crash of Gerhard Berger . The race was shortened from 61 to 58 laps, and was decided by combining the time from the first 3 laps with the time from the restarted 55 laps.","{'drivers': [{'text': 'Gerhard Berger', 'url': 'https://en.wikipedia.org/wiki/Gerhard_Berger'}], 'reason': 'Injured'}"
1989,"{'text': 'Mexican', 'url': 'https://en.wikipedia.org/wiki/1989_Mexican_Grand_Prix'}",2,"{'code': 'Y', 'description': 'race_was_restarted_over_original_distance'}","{'text': 'Ayrton Senna', 'url': 'https://en.wikipedia.org/wiki/Ayrton_Senna'}",Crash involving Stefano Modena and Olivier Grouillard,"{'drivers': [], 'reason': None}"
1989,"{'text': 'French', 'url': 'https://en.wikipedia.org/wiki/1989_French_Grand_Prix'}",1,"{'code': 'Y', 'description': 'race_was_restarted_over_original_distance'}","{'text': 'Alain Prost', 'url': 'https://en.wikipedia.org/wiki/Alain_Prost'}","Crash involving Nigel Mansell , Maurício Gugelmin , Thierry Boutsen , René Arnoux and Jonathan Palmer","{'drivers': [], 'reason': None}"
1989,"{'text': 'Australian', 'url': 'https://en.wikipedia.org/wiki/1989_Australian_Grand_Prix'}",2,"{'code': 'Y', 'description': 'race_was_restarted_over_original_distance'}","{'text': 'Thierry Boutsen', 'url': 'https://en.wikipedia.org/wiki/Thierry_Boutsen'}",Crash involving JJ Lehto .,"{'drivers': [{'text': 'Alain Prost', 'url': 'https://en.wikipedia.org/wiki/Alain_Prost'}], 'reason': 'Withdrew'}"
1989,"{'text': 'Australian', 'url': 'https://en.wikipedia.org/wiki/1989_Australian_Grand_Prix'}",2,"{'code': 'Y', 'description': 'race_was_restarted_over_original_distance'}","{'text': 'Thierry Boutsen', 'url': 'https://en.wikipedia.org/wiki/Thierry_Boutsen'}",Crash involving JJ Lehto .,"{'drivers': [{'text': 'Nicola Larini', 'url': 'https://en.wikipedia.org/wiki/Nicola_Larini'}], 'reason': 'Electrical'}"
1990,"{'text': 'Monaco', 'url': 'https://en.wikipedia.org/wiki/1990_Monaco_Grand_Prix'}",1,"{'code': 'Y', 'description': 'race_was_restarted_over_original_distance'}","{'text': 'Ayrton Senna', 'url': 'https://en.wikipedia.org/wiki/Ayrton_Senna'}",Crash involving Gerhard Berger and Alain Prost which partially blocked the track.,"{'drivers': [], 'reason': None}"
1990,"{'text': 'Belgian', 'url': 'https://en.wikipedia.org/wiki/1990_Belgian_Grand_Prix'}",1,"{'code': 'Y', 'description': 'race_was_restarted_over_original_distance'}","{'text': 'Ayrton Senna', 'url': 'https://en.wikipedia.org/wiki/Ayrton_Senna'}","Multiple crashes on the first lap, involving Martin Donnelly , Nigel Mansell , Aguri Suzuki and several others.","{'drivers': [{'text': 'Aguri Suzuki', 'url': 'https://en.wikipedia.org/wiki/Aguri_Suzuki'}], 'reason': None}"
1990,"{'text': 'Belgian', 'url': 'https://en.wikipedia.org/wiki/1990_Belgian_Grand_Prix'}",1,"{'code': 'Y', 'description': 'race_was_restarted_over_original_distance'}","{'text': 'Ayrton Senna', 'url': 'https://en.wikipedia.org/wiki/Ayrton_Senna'}","Crash involving Paolo Barilla , resulting in a damaged guardrail.","{'drivers': [{'text': 'Paolo Barilla', 'url': 'https://en.wikipedia.org/wiki/Paolo_Barilla'}], 'reason': None}"
1990,"{'text': 'Italian', 'url': 'https://en.wikipedia.org/wiki/1990_Italian_Grand_Prix'}",2,"{'code': 'Y', 'description': 'race_was_restarted_over_original_distance'}","{'text': 'Ayrton Senna', 'url': 'https://en.wikipedia.org/wiki/Ayrton_Senna'}",Crash of Derek Warwick .,"{'drivers': [], 'reason': None}"
1990,"{'text': 'Portuguese', 'url': 'https://en.wikipedia.org/wiki/1990_Portuguese_Grand_Prix'}",61,"{'code': 'N', 'description': 'race_was_not_restarted'}","{'text': 'Nigel Mansell', 'url': 'https://en.wikipedia.org/wiki/Nigel_Mansell'}",Crash involving Aguri Suzuki and Alex Caffi .,"{'drivers': [], 'reason': None}"
1991,"{'text': 'Australian', 'url': 'https://en.wikipedia.org/wiki/1991_Australian_Grand_Prix'}",14,"{'code': 'N', 'description': 'race_was_not_restarted'}","{'text': 'Ayrton Senna', 'url': 'https://en.wikipedia.org/wiki/Ayrton_Senna'}",Rain. Half points were awarded.,"{'drivers': [], 'reason': None}"
1992,"{'text': 'French', 'url': 'https://en.wikipedia.org/wiki/1992_French_Grand_Prix'}",18,"{'code': 'S', 'description': 'race_was_restarted_or_resumed_without_completing_original_distance'}","{'text': 'Nigel Mansell', 'url': 'https://en.wikipedia.org/wiki/Nigel_Mansell'}",Rain. The race was decided by combining the time from the first 18 laps with the time from the restarted 51 laps.,"{'drivers': [], 'reason': None}"
1994,"{'text': 'San Marino', 'url': 'https://en.wikipedia.org/wiki/1994_San_Marino_Grand_Prix'}",7,"{'code': 'S', 'description': 'race_was_restarted_or_resumed_without_completing_original_distance'}","{'text': 'Michael Schumacher', 'url': 'https://en.wikipedia.org/wiki/Michael_Schumacher'}","Fatal crash of Ayrton Senna . The race was shortened from 61 to 58 laps, and was decided by combining the time from the first 5 laps with the time from the restarted 53 laps.","{'drivers': [{'text': 'Ayrton Senna', 'url': 'https://en.wikipedia.org/wiki/Ayrton_Senna'}], 'reason': 'Fatal crash'}"
1994,"{'text': 'San Marino', 'url': 'https://en.wikipedia.org/wiki/1994_San_Marino_Grand_Prix'}",7,"{'code': 'S', 'description': 'race_was_restarted_or_resumed_without_completing_original_distance'}","{'text': 'Michael Schumacher', 'url': 'https://en.wikipedia.org/wiki/Michael_Schumacher'}","Fatal crash of Ayrton Senna . The race was shortened from 61 to 58 laps, and was decided by combining the time from the first 5 laps with the time from the restarted 53 laps.","{'drivers': [{'text': 'Érik Comas', 'url': 'https://en.wikipedia.org/wiki/%C3%89rik_Comas'}], 'reason': 'Withdrew'}"
1994,"{'text': 'Italian', 'url': 'https://en.wikipedia.org/wiki/1994_Italian_Grand_Prix'}",1,"{'code': 'Y', 'description': 'race_was_restarted_over_original_distance'}","{'text': 'Damon Hill', 'url': 'https://en.wikipedia.org/wiki/Damon_Hill'}","Crash involving Johnny Herbert , Eddie Irvine , David Coulthard and Olivier Panis","{'drivers': [], 'reason': None}"
1994,"{'text': 'Japanese', 'url': 'https://en.wikipedia.org/wiki/1994_Japanese_Grand_Prix'}",15,"{'code': 'S', 'description': 'race_was_restarted_or_resumed_without_completing_original_distance'}","{'text': 'Damon Hill', 'url': 'https://en.wikipedia.org/wiki/Damon_Hill'}","Rain and a crash involving Martin Brundle , resulting in an injured marshal. The race was restarted with race leader Michael Schumacher behind the safety car and was decided by combining the time from the first 13 laps with the time of the restarted 37 laps.","{'drivers': [{'text': 'Martin Brundle', 'url': 'https://en.wikipedia.org/wiki/Martin_Brundle'}], 'reason': 'Crash'}"
1995,"{'text': 'Argentine', 'url': 'https://en.wikipedia.org/wiki/1995_Argentine_Grand_Prix'}",1,"{'code': 'Y', 'description': 'race_was_restarted_over_original_distance'}","{'text': 'Damon Hill', 'url': 'https://en.wikipedia.org/wiki/Damon_Hill'}","Several crashes involving Jean Alesi , Mika Salo , Luca Badoer , Olivier Panis , Pierluigi Martini , Johnny Herbert , Rubens Barrichello and Ukyo Katayama .","{'drivers': [{'text': 'Luca Badoer', 'url': 'https://en.wikipedia.org/wiki/Luca_Badoer'}], 'reason': 'Spare car used by teammate'}"
1995,"{'text': 'Monaco', 'url': 'https://en.wikipedia.org/wiki/1995_Monaco_Grand_Prix'}",1,"{'code': 'Y', 'description': 'race_was_restarted_over_original_distance'}","{'text': 'Michael Schumacher', 'url': 'https://en.wikipedia.org/wiki/Michael_Schumacher'}","Crash involving Jean Alesi , Gerhard Berger and David Coulthard .","{'drivers': [{'text': 'Domenico Schiattarella', 'url': 'https://en.wikipedia.org/wiki/Domenico_Schiattarella'}], 'reason': 'Car damaged by marshals'}"
1995,"{'text': 'Monaco', 'url': 'https://en.wikipedia.org/wiki/1995_Monaco_Grand_Prix'}",1,"{'code': 'Y', 'description': 'race_was_restarted_over_original_distance'}","{'text': 'Michael Schumacher', 'url': 'https://en.wikipedia.org/wiki/Michael_Schumacher'}","Crash involving Jean Alesi , Gerhard Berger and David Coulthard .","{'drivers': [{'text': 'Jos Verstappen', 'url': 'https://en.wikipedia.org/wiki/Jos_Verstappen'}], 'reason': 'Gearbox'}"
1995,"{'text': 'Italian', 'url': 'https://en.wikipedia.org/wiki/1995_Italian_Grand_Prix'}",1,"{'code': 'Y', 'description': 'race_was_restarted_over_original_distance'}","{'text': 'Johnny Herbert', 'url': 'https://en.wikipedia.org/wiki/Johnny_Herbert'}","Crash involving Max Papis , Jean-Christophe Boullion , Andrea Montermini , Pedro Diniz and Roberto Moreno .","{'drivers': [{'text': 'Andrea Montermini', 'url': 'https://en.wikipedia.org/wiki/Andrea_Montermini'}, {'text': 'Roberto Moreno', 'url': 'https://en.wikipedia.org/wiki/Roberto_Moreno'}], 'reason': 'No spare car available'}"
1995,"{'text': 'Portuguese', 'url': 'https://en.wikipedia.org/wiki/1995_Portuguese_Grand_Prix'}",1,"{'code': 'Y', 'description': 'race_was_restarted_over_original_distance'}","{'text': 'David Coulthard', 'url': 'https://en.wikipedia.org/wiki/David_Coulthard'}","Crash involving Ukyo Katayama , Luca Badoer , Pedro Diniz and Roberto Moreno .","{'drivers': [{'text': 'Ukyo Katayama', 'url': 'https://en.wikipedia.org/wiki/Ukyo_Katayama'}], 'reason': 'Crash, injured'}"
1995,"{'text': 'Portuguese', 'url': 'https://en.wikipedia.org/wiki/1995_Portuguese_Grand_Prix'}",1,"{'code': 'Y', 'description': 'race_was_restarted_over_original_distance'}","{'text': 'David Coulthard', 'url': 'https://en.wikipedia.org/wiki/David_Coulthard'}","Crash involving Ukyo Katayama , Luca Badoer , Pedro Diniz and Roberto Moreno .","{'drivers': [{'text': 'Max Papis', 'url': 'https://en.wikipedia.org/wiki/Max_Papis'}], 'reason': 'Gearbox'}"
1996,"{'text': 'Australian', 'url': 'https://en.wikipedia.org/wiki/1996_Australian_Grand_Prix'}",1,"{'code': 'Y', 'description': 'race_was_restarted_over_original_distance'}","{'text': 'Damon Hill', 'url': 'https://en.wikipedia.org/wiki/Damon_Hill'}","Crash involving Martin Brundle , David Coulthard and Johnny Herbert .","{'drivers': [{'text': 'Johnny Herbert', 'url': 'https://en.wikipedia.org/wiki/Johnny_Herbert'}], 'reason': 'Spare car used by teammate'}"
1997,"{'text': 'Brazilian', 'url': 'https://en.wikipedia.org/wiki/1997_Brazilian_Grand_Prix'}",1,"{'code': 'Y', 'description': 'race_was_restarted_over_original_distance'}","{'text': 'Jacques Villeneuve', 'url': 'https://en.wikipedia.org/wiki/Jacques_Villeneuve'}","Rubens Barrichello stalled his car at the start, followed by several crashes involving Giancarlo Fisichella , Jacques Villeneuve , Jan Magnussen , Damon Hill , Johnny Herbert and Eddie Irvine .","{'drivers': [{'text': 'Jan Magnussen', 'url': 'https://en.wikipedia.org/wiki/Jan_Magnussen'}], 'reason': 'Spare car used by teammate'}"
1997,"{'text': 'Canadian', 'url': 'https://en.wikipedia.org/wiki/1997_Canadian_Grand_Prix'}",56,"{'code': 'N', 'description': 'race_was_not_restarted'}","{'text': 'Michael Schumacher', 'url': 'https://en.wikipedia.org/wiki/Michael_Schumacher'}",Crash of Olivier Panis .,"{'drivers': [], 'reason': None}"
1998,"{'text': 'Canadian', 'url': 'https://en.wikipedia.org/wiki/1998_Canadian_Grand_Prix'}",1,"{'code': 'Y', 'description': 'race_was_restarted_over_original_distance'}","{'text': 'Michael Schumacher', 'url': 'https://en.wikipedia.org/wiki/Michael_Schumacher'}","Crash involving Jean Alesi , Johnny Herbert , Jarno Trulli and Alexander Wurz .","{'drivers': [], 'reason': None}"
1998,"{'text': 'French', 'url': 'https://en.wikipedia.org/wiki/1998_French_Grand_Prix'}",1,"{'code': 'S', 'description': 'race_was_restarted_or_resumed_without_completing_original_distance'}","{'text': 'Michael Schumacher', 'url': 'https://en.wikipedia.org/wiki/Michael_Schumacher'}",Improper start procedure after Jos Verstappen stalled his car at the start.,"{'drivers': [], 'reason': None}"
1998,"{'text': 'Belgian', 'url': 'https://en.wikipedia.org/wiki/1998_Belgian_Grand_Prix'}",1,"{'code': 'Y', 'description': 'race_was_restarted_over_original_distance'}","{'text': 'Damon Hill', 'url': 'https://en.wikipedia.org/wiki/Damon_Hill'}","Massive crash involving David Coulthard , Jos Verstappen , Eddie Irvine , Alexander Wurz , Rubens Barrichello , Johnny Herbert , Olivier Panis , Jarno Trulli , Mika Salo , Pedro Diniz , Toranosuke Takagi , Ricardo Rosset and Shinji Nakano .","{'drivers': [{'text': 'Rubens Barrichello', 'url': 'https://en.wikipedia.org/wiki/Rubens_Barrichello'}, {'text': 'Ricardo Rosset', 'url': 'https://en.wikipedia.org/wiki/Ricardo_Rosset'}, {'text': 'Mika Salo', 'url': 'https://en.wikipedia.org/wiki/Mika_Salo'}, {'text': 'Olivier Panis', 'url': 'https://en.wikipedia.org/wiki/Olivier_Panis'}], 'reason': 'Spare car used by teammate'}"
1999,"{'text': 'British', 'url': 'https://en.wikipedia.org/wiki/1999_British_Grand_Prix'}",1,"{'code': 'Y', 'description': 'race_was_restarted_over_original_distance'}","{'text': 'David Coulthard', 'url': 'https://en.wikipedia.org/wiki/David_Coulthard'}",Jacques Villeneuve and Alessandro Zanardi stalled their cars at the start. Michael Schumacher crashed after the red flag was shown.,"{'drivers': [{'text': 'Michael Schumacher', 'url': 'https://en.wikipedia.org/wiki/Michael_Schumacher'}], 'reason': 'Crash, injured'}"
2000,"{'text': 'Monaco', 'url': 'https://en.wikipedia.org/wiki/2000_Monaco_Grand_Prix'}",1,"{'code': 'Y', 'description': 'race_was_restarted_over_original_distance'}","{'text': 'David Coulthard', 'url': 'https://en.wikipedia.org/wiki/David_Coulthard'}","Initially shown due to a technical fault in the FIA computer. Pedro de la Rosa and Jenson Button collided after the red flag was shown which blocked the road for Jacques Villeneuve , Ricardo Zonta , Nick Heidfeld , Pedro Diniz , Gastón Mazzacane and Marc Gené .","{'drivers': [{'text': 'Pedro de la Rosa', 'url': 'https://en.wikipedia.org/wiki/Pedro_de_la_Rosa'}], 'reason': 'No spare car available'}"
2001,"{'text': 'German', 'url': 'https://en.wikipedia.org/wiki/2001_German_Grand_Prix'}",2,"{'code': 'Y', 'description': 'race_was_restarted_over_original_distance'}","{'text': 'Ralf Schumacher', 'url': 'https://en.wikipedia.org/wiki/Ralf_Schumacher'}",Crash involving Luciano Burti and Michael Schumacher .,"{'drivers': [], 'reason': None}"
2001,"{'text': 'Belgian', 'url': 'https://en.wikipedia.org/wiki/2001_Belgian_Grand_Prix'}",5,"{'code': 'S', 'description': 'race_was_restarted_or_resumed_without_completing_original_distance'}","{'text': 'Michael Schumacher', 'url': 'https://en.wikipedia.org/wiki/Michael_Schumacher'}","Crash involving Luciano Burti and Eddie Irvine , resulting in a damaged tyre wall.","{'drivers': [{'text': 'Luciano Burti', 'url': 'https://en.wikipedia.org/wiki/Luciano_Burti'}], 'reason': 'Crash, injured'}"
2001,"{'text': 'Belgian', 'url': 'https://en.wikipedia.org/wiki/2001_Belgian_Grand_Prix'}",5,"{'code': 'S', 'description': 'race_was_restarted_or_resumed_without_completing_original_distance'}","{'text': 'Michael Schumacher', 'url': 'https://en.wikipedia.org/wiki/Michael_Schumacher'}","Crash involving Luciano Burti and Eddie Irvine , resulting in a damaged tyre wall.","{'drivers': [{'text': 'Eddie Irvine', 'url': 'https://en.wikipedia.org/wiki/Eddie_Irvine'}], 'reason': 'Crash'}"
2001,"{'text': 'Belgian', 'url': 'https://en.wikipedia.org/wiki/2001_Belgian_Grand_Prix'}",5,"{'code': 'S', 'description': 'race_was_restarted_or_resumed_without_completing_original_distance'}","{'text': 'Michael Schumacher', 'url': 'https://en.wikipedia.org/wiki/Michael_Schumacher'}","Crash involving Luciano Burti and Eddie Irvine , resulting in a damaged tyre wall.","{'drivers': [{'text': 'Kimi Räikkönen', 'url': 'https://en.wikipedia.org/wiki/Kimi_R%C3%A4ikk%C3%B6nen'}], 'reason': 'Transmission'}"
2001,"{'text': 'Belgian', 'url': 'https://en.wikipedia.org/wiki/2001_Belgian_Grand_Prix'}",5,"{'code': 'S', 'description': 'race_was_restarted_or_resumed_without_completing_original_distance'}","{'text': 'Michael Schumacher', 'url': 'https://en.wikipedia.org/wiki/Michael_Schumacher'}","Crash involving Luciano Burti and Eddie Irvine , resulting in a damaged tyre wall.","{'drivers': [{'text': 'Fernando Alonso', 'url': 'https://en.wikipedia.org/wiki/Fernando_Alonso'}], 'reason': 'Gearbox'}"
2003,"{'text': 'Brazilian', 'url': 'https://en.wikipedia.org/wiki/2003_Brazilian_Grand_Prix'}",56,"{'code': 'N', 'description': 'race_was_not_restarted'}","{'text': 'Giancarlo Fisichella', 'url': 'https://en.wikipedia.org/wiki/Giancarlo_Fisichella'}",Crashes of Mark Webber and Fernando Alonso .,"{'drivers': [], 'reason': None}"
2007,"{'text': 'European', 'url': 'https://en.wikipedia.org/wiki/2007_European_Grand_Prix'}",5,"{'code': 'R', 'description': 'race_was_resumed_to_complete_original_distance'}","{'text': 'Fernando Alonso', 'url': 'https://en.wikipedia.org/wiki/Fernando_Alonso'}","Torrential rain and crashes involving Jenson Button , Nico Rosberg , Adrian Sutil , Lewis Hamilton , Scott Speed and Vitantonio Liuzzi .","{'drivers': [{'text': 'Jenson Button', 'url': 'https://en.wikipedia.org/wiki/Jenson_Button'}, {'text': 'Nico Rosberg', 'url': 'https://en.wikipedia.org/wiki/Nico_Rosberg'}, {'text': 'Adrian Sutil', 'url': 'https://en.wikipedia.org/wiki/Adrian_Sutil'}, {'text': 'Scott Speed', 'url': 'https://en.wikipedia.org/wiki/Scott_Speed'}, {'text': 'Vitantonio Liuzzi', 'url': 'https://en.wikipedia.org/wiki/Vitantonio_Liuzzi'}], 'reason': 'Crash'}"
2009,"{'text': 'Malaysian', 'url': 'https://en.wikipedia.org/wiki/2009_Malaysian_Grand_Prix'}",33,"{'code': 'N', 'description': 'race_was_not_restarted'}","{'text': 'Jenson Button', 'url': 'https://en.wikipedia.org/wiki/Jenson_Button'}","Torrential rain and crashes of Sébastien Buemi , Sebastian Vettel and Giancarlo Fisichella . Half points were awarded.","{'drivers': [], 'reason': None}"
2010,"{'text': 'Korean', 'url': 'https://en.wikipedia.org/wiki/2010_Korean_Grand_Prix'}",3,"{'code': 'R', 'description': 'race_was_resumed_to_complete_original_distance'}","{'text': 'Fernando Alonso', 'url': 'https://en.wikipedia.org/wiki/Fernando_Alonso'}",Rain.,"{'drivers': [], 'reason': None}"
2011,"{'text': 'Monaco', 'url': 'https://en.wikipedia.org/wiki/2011_Monaco_Grand_Prix'}",72,"{'code': 'R', 'description': 'race_was_resumed_to_complete_original_distance'}","{'text': 'Sebastian Vettel', 'url': 'https://en.wikipedia.org/wiki/Sebastian_Vettel'}","Crash involving Adrian Sutil , Lewis Hamilton , Jaime Alguersuari and Vitaly Petrov .","{'drivers': [{'text': 'Jaime Alguersuari', 'url': 'https://en.wikipedia.org/wiki/Jaime_Alguersuari'}, {'text': 'Vitaly Petrov', 'url': 'https://en.wikipedia.org/wiki/Vitaly_Petrov'}], 'reason': 'Crash'}"
2011,"{'text': 'Canadian', 'url': 'https://en.wikipedia.org/wiki/2011_Canadian_Grand_Prix'}",25,"{'code': 'R', 'description': 'race_was_resumed_to_complete_original_distance'}","{'text': 'Jenson Button', 'url': 'https://en.wikipedia.org/wiki/Jenson_Button'}",Rain.,"{'drivers': [], 'reason': None}"
2012,"{'text': 'Malaysian', 'url': 'https://en.wikipedia.org/wiki/2012_Malaysian_Grand_Prix'}",9,"{'code': 'R', 'description': 'race_was_resumed_to_complete_original_distance'}","{'text': 'Fernando Alonso', 'url': 'https://en.wikipedia.org/wiki/Fernando_Alonso'}",Rain.,"{'drivers': [], 'reason': None}"
2013,"{'text': 'Monaco', 'url': 'https://en.wikipedia.org/wiki/2013_Monaco_Grand_Prix'}",46,"{'code': 'R', 'description': 'race_was_resumed_to_complete_original_distance'}","{'text': 'Nico Rosberg', 'url': 'https://en.wikipedia.org/wiki/Nico_Rosberg'}","Crash involving Pastor Maldonado and Max Chilton , resulting in a damaged barrier blocking the track.","{'drivers': [{'text': 'Pastor Maldonado', 'url': 'https://en.wikipedia.org/wiki/Pastor_Maldonado'}], 'reason': 'Crash'}"
2014,"{'text': 'British', 'url': 'https://en.wikipedia.org/wiki/2014_British_Grand_Prix'}",1,"{'code': 'R', 'description': 'race_was_resumed_to_complete_original_distance'}","{'text': 'Lewis Hamilton', 'url': 'https://en.wikipedia.org/wiki/Lewis_Hamilton'}","Crash involving Kimi Räikkönen , Felipe Massa and Kamui Kobayashi , resulting in a damaged guardrail.","{'drivers': [{'text': 'Kimi Räikkönen', 'url': 'https://en.wikipedia.org/wiki/Kimi_R%C3%A4ikk%C3%B6nen'}, {'text': 'Felipe Massa', 'url': 'https://en.wikipedia.org/wiki/Felipe_Massa'}], 'reason': 'Crash'}"
2014,"{'text': 'Japanese', 'url': 'https://en.wikipedia.org/wiki/2014_Japanese_Grand_Prix'}",2,"{'code': 'R', 'description': 'race_was_resumed_to_complete_original_distance'}","{'text': 'Lewis Hamilton', 'url': 'https://en.wikipedia.org/wiki/Lewis_Hamilton'}",Torrential rain as a consequence of Typhoon Phanfone .,"{'drivers': [], 'reason': None}"
2014,"{'text': 'Japanese', 'url': 'https://en.wikipedia.org/wiki/2014_Japanese_Grand_Prix'}",46,"{'code': 'N', 'description': 'race_was_not_restarted'}","{'text': 'Lewis Hamilton', 'url': 'https://en.wikipedia.org/wiki/Lewis_Hamilton'}",Fatal crash of Jules Bianchi .,"{'drivers': [], 'reason': None}"
2016,"{'text': 'Australian', 'url': 'https://en.wikipedia.org/wiki/2016_Australian_Grand_Prix'}",18,"{'code': 'R', 'description': 'race_was_resumed_to_complete_original_distance'}","{'text': 'Nico Rosberg', 'url': 'https://en.wikipedia.org/wiki/Nico_Rosberg'}",Crash involving Fernando Alonso and Esteban Gutiérrez .,"{'drivers': [{'text': 'Fernando Alonso', 'url': 'https://en.wikipedia.org/wiki/Fernando_Alonso'}], 'reason': 'Crash, Injured'}"
2016,"{'text': 'Australian', 'url': 'https://en.wikipedia.org/wiki/2016_Australian_Grand_Prix'}",18,"{'code': 'R', 'description': 'race_was_resumed_to_complete_original_distance'}","{'text': 'Nico Rosberg', 'url': 'https://en.wikipedia.org/wiki/Nico_Rosberg'}",Crash involving Fernando Alonso and Esteban Gutiérrez .,"{'drivers': [{'text': 'Esteban Gutiérrez', 'url': 'https://en.wikipedia.org/wiki/Esteban_Guti%C3%A9rrez'}], 'reason': 'Crash'}"
2016,"{'text': 'Australian', 'url': 'https://en.wikipedia.org/wiki/2016_Australian_Grand_Prix'}",18,"{'code': 'R', 'description': 'race_was_resumed_to_complete_original_distance'}","{'text': 'Nico Rosberg', 'url': 'https://en.wikipedia.org/wiki/Nico_Rosberg'}",Crash involving Fernando Alonso and Esteban Gutiérrez .,"{'drivers': [{'text': 'Rio Haryanto', 'url': 'https://en.wikipedia.org/wiki/Rio_Haryanto'}], 'reason': 'Driveshaft'}"
2016,"{'text': 'Belgian', 'url': 'https://en.wikipedia.org/wiki/2016_Belgian_Grand_Prix'}",9,"{'code': 'R', 'description': 'race_was_resumed_to_complete_original_distance'}","{'text': 'Nico Rosberg', 'url': 'https://en.wikipedia.org/wiki/Nico_Rosberg'}","Crash of Kevin Magnussen , resulting in a damaged barrier.","{'drivers': [{'text': 'Kevin Magnussen', 'url': 'https://en.wikipedia.org/wiki/Kevin_Magnussen'}], 'reason': 'Crash'}"
2016,"{'text': 'Brazilian', 'url': 'https://en.wikipedia.org/wiki/2016_Brazilian_Grand_Prix'}",20,"{'code': 'R', 'description': 'race_was_resumed_to_complete_original_distance'}","{'text': 'Lewis Hamilton', 'url': 'https://en.wikipedia.org/wiki/Lewis_Hamilton'}",Rain and crash of Kimi Räikkönen .,"{'drivers': [{'text': 'Kimi Räikkönen', 'url': 'https://en.wikipedia.org/wiki/Kimi_R%C3%A4ikk%C3%B6nen'}], 'reason': 'Crash'}"
2016,"{'text': 'Brazilian', 'url': 'https://en.wikipedia.org/wiki/2016_Brazilian_Grand_Prix'}",20,"{'code': 'R', 'description': 'race_was_resumed_to_complete_original_distance'}","{'text': 'Lewis Hamilton', 'url': 'https://en.wikipedia.org/wiki/Lewis_Hamilton'}",Rain and crash of Kimi Räikkönen .,"{'drivers': [{'text': 'Jolyon Palmer', 'url': 'https://en.wikipedia.org/wiki/Jolyon_Palmer'}], 'reason': 'Collision Damage'}"
2016,"{'text': 'Brazilian', 'url': 'https://en.wikipedia.org/wiki/2016_Brazilian_Grand_Prix'}",28,"{'code': 'R', 'description': 'race_was_resumed_to_complete_original_distance'}","{'text': 'Lewis Hamilton', 'url': 'https://en.wikipedia.org/wiki/Lewis_Hamilton'}",Rain.,"{'drivers': [], 'reason': None}"
2017,"{'text': 'Azerbaijan', 'url': 'https://en.wikipedia.org/wiki/2017_Azerbaijan_Grand_Prix'}",22,"{'code': 'R', 'description': 'race_was_resumed_to_complete_original_distance'}","{'text': 'Daniel Ricciardo', 'url': 'https://en.wikipedia.org/wiki/Daniel_Ricciardo'}",Debris on the track following multiple incidents.,"{'drivers': [], 'reason': None}"
2020,"{'text': 'Italian', 'url': 'https://en.wikipedia.org/wiki/2020_Italian_Grand_Prix'}",27,"{'code': 'R', 'description': 'race_was_resumed_to_complete_original_distance'}","{'text': 'Pierre Gasly', 'url': 'https://en.wikipedia.org/wiki/Pierre_Gasly'}","Crash of Charles Leclerc , resulting in a damaged barrier.","{'drivers': [{'text': 'Charles Leclerc', 'url': 'https://en.wikipedia.org/wiki/Charles_Leclerc'}], 'reason': 'Crash'}"
2020,"{'text': 'Tuscan', 'url': 'https://en.wikipedia.org/wiki/2020_Tuscan_Grand_Prix'}",9,"{'code': 'R', 'description': 'race_was_resumed_to_complete_original_distance'}","{'text': 'Lewis Hamilton', 'url': 'https://en.wikipedia.org/wiki/Lewis_Hamilton'}","Crash involving Carlos Sainz Jr. , Nicholas Latifi , Kevin Magnussen and Antonio Giovinazzi .","{'drivers': [{'text': 'Carlos Sainz Jr.', 'url': 'https://en.wikipedia.org/wiki/Carlos_Sainz_Jr.'}, {'text': 'Nicholas Latifi', 'url': 'https://en.wikipedia.org/wiki/Nicholas_Latifi'}, {'text': 'Kevin Magnussen', 'url': 'https://en.wikipedia.org/wiki/Kevin_Magnussen'}, {'text': 'Antonio Giovinazzi', 'url': 'https://en.wikipedia.org/wiki/Antonio_Giovinazzi'}], 'reason': 'Crash'}"
2020,"{'text': 'Tuscan', 'url': 'https://en.wikipedia.org/wiki/2020_Tuscan_Grand_Prix'}",9,"{'code': 'R', 'description': 'race_was_resumed_to_complete_original_distance'}","{'text': 'Lewis Hamilton', 'url': 'https://en.wikipedia.org/wiki/Lewis_Hamilton'}","Crash involving Carlos Sainz Jr. , Nicholas Latifi , Kevin Magnussen and Antonio Giovinazzi .","{'drivers': [{'text': 'Esteban Ocon', 'url': 'https://en.wikipedia.org/wiki/Esteban_Ocon'}], 'reason': 'Brakes'}"
2020,"{'text': 'Tuscan', 'url': 'https://en.wikipedia.org/wiki/2020_Tuscan_Grand_Prix'}",46,"{'code': 'R', 'description': 'race_was_resumed_to_complete_original_distance'}","{'text': 'Lewis Hamilton', 'url': 'https://en.wikipedia.org/wiki/Lewis_Hamilton'}","Crash of Lance Stroll , resulting in a damaged barrier.","{'drivers': [{'text': 'Lance Stroll', 'url': 'https://en.wikipedia.org/wiki/Lance_Stroll'}], 'reason': 'Crash'}"
2020,"{'text': 'Bahrain', 'url': 'https://en.wikipedia.org/wiki/2020_Bahrain_Grand_Prix'}",1,"{'code': 'R', 'description': 'race_was_resumed_to_complete_original_distance'}","{'text': 'Lewis Hamilton', 'url': 'https://en.wikipedia.org/wiki/Lewis_Hamilton'}",Crash of Romain Grosjean .,"{'drivers': [{'text': 'Romain Grosjean', 'url': 'https://en.wikipedia.org/wiki/Romain_Grosjean'}], 'reason': 'Crash, injured'}"
2021,"{'text': 'Emilia Romagna', 'url': 'https://en.wikipedia.org/wiki/2021_Emilia_Romagna_Grand_Prix'}",33,"{'code': 'R', 'description': 'race_was_resumed_to_complete_original_distance'}","{'text': 'Max Verstappen', 'url': 'https://en.wikipedia.org/wiki/Max_Verstappen'}","Crash involving Valtteri Bottas and George Russell , resulting in debris on the track.","{'drivers': [{'text': 'Valtteri Bottas', 'url': 'https://en.wikipedia.org/wiki/Valtteri_Bottas'}, {'text': 'George Russell', 'url': 'https://en.wikipedia.org/wiki/George_Russell_(racing_driver)'}], 'reason': 'Crash'}"
2021,"{'text': 'Azerbaijan', 'url': 'https://en.wikipedia.org/wiki/2021_Azerbaijan_Grand_Prix'}",48,"{'code': 'R', 'description': 'race_was_resumed_to_complete_original_distance'}","{'text': 'Sergio Pérez', 'url': 'https://en.wikipedia.org/wiki/Sergio_P%C3%A9rez'}","Crash of Max Verstappen , resulting in debris on the track.","{'drivers': [{'text': 'Max Verstappen', 'url': 'https://en.wikipedia.org/wiki/Max_Verstappen'}], 'reason': 'Crash'}"
2021,"{'text': 'British', 'url': 'https://en.wikipedia.org/wiki/2021_British_Grand_Prix'}",2,"{'code': 'R', 'description': 'race_was_resumed_to_complete_original_distance'}","{'text': 'Lewis Hamilton', 'url': 'https://en.wikipedia.org/wiki/Lewis_Hamilton'}","Crash involving Lewis Hamilton and Max Verstappen , resulting in a damaged barrier.","{'drivers': [{'text': 'Max Verstappen', 'url': 'https://en.wikipedia.org/wiki/Max_Verstappen'}], 'reason': 'Crash'}"
2021,"{'text': 'Hungarian', 'url': 'https://en.wikipedia.org/wiki/2021_Hungarian_Grand_Prix'}",2,"{'code': 'R', 'description': 'race_was_resumed_to_complete_original_distance'}","{'text': 'Esteban Ocon', 'url': 'https://en.wikipedia.org/wiki/Esteban_Ocon'}","Crashes involving Valtteri Bottas , Lando Norris , Max Verstappen , Sergio Pérez , Lance Stroll , Daniel Ricciardo and Charles Leclerc , resulting in debris on the track.","{'drivers': [{'text': 'Valtteri Bottas', 'url': 'https://en.wikipedia.org/wiki/Valtteri_Bottas'}, {'text': 'Charles Leclerc', 'url': 'https://en.wikipedia.org/wiki/Charles_Leclerc'}, {'text': 'Lance Stroll', 'url': 'https://en.wikipedia.org/wiki/Lance_Stroll'}, {'text': 'Sergio Pérez', 'url': 'https://en.wikipedia.org/wiki/Sergio_P%C3%A9rez'}, {'text': 'Lando Norris', 'url': 'https://en.wikipedia.org/wiki/Lando_Norris'}], 'reason': 'Crash'}"
2021,"{'text': 'Belgian', 'url': 'https://en.wikipedia.org/wiki/2021_Belgian_Grand_Prix'}",3,"{'code': 'N', 'description': 'race_was_not_restarted'}","{'text': 'Max Verstappen', 'url': 'https://en.wikipedia.org/wiki/Max_Verstappen'}",Rain. Half points were awarded.,"{'drivers': [], 'reason': None}"
2021,"{'text': 'Saudi Arabian', 'url': 'https://en.wikipedia.org/wiki/2021_Saudi_Arabian_Grand_Prix'}",13,"{'code': 'R', 'description': 'race_was_resumed_to_complete_original_distance'}","{'text': 'Lewis Hamilton', 'url': 'https://en.wikipedia.org/wiki/Lewis_Hamilton'}","Crash of Mick Schumacher , resulting in a damaged barrier.","{'drivers': [{'text': 'Mick Schumacher', 'url': 'https://en.wikipedia.org/wiki/Mick_Schumacher'}], 'reason': 'Crash'}"
2021,"{'text': 'Saudi Arabian', 'url': 'https://en.wikipedia.org/wiki/2021_Saudi_Arabian_Grand_Prix'}",15,"{'code': 'R', 'description': 'race_was_resumed_to_complete_original_distance'}","{'text': 'Lewis Hamilton', 'url': 'https://en.wikipedia.org/wiki/Lewis_Hamilton'}","Crashes involving Charles Leclerc , Nikita Mazepin , Sergio Pérez and George Russell .","{'drivers': [{'text': 'Nikita Mazepin', 'url': 'https://en.wikipedia.org/wiki/Nikita_Mazepin'}, {'text': 'Sergio Pérez', 'url': 'https://en.wikipedia.org/wiki/Sergio_P%C3%A9rez'}, {'text': 'George Russell', 'url': 'https://en.wikipedia.org/wiki/George_Russell_(racing_driver)'}], 'reason': 'Crash'}"
2022,"{'text': 'Monaco', 'url': 'https://en.wikipedia.org/wiki/2022_Monaco_Grand_Prix'}",30,"{'code': 'S', 'description': 'race_was_restarted_or_resumed_without_completing_original_distance'}","{'text': 'Sergio Pérez', 'url': 'https://en.wikipedia.org/wiki/Sergio_P%C3%A9rez'}","Crash of Mick Schumacher , resulting in a damaged barrier.","{'drivers': [{'text': 'Mick Schumacher', 'url': 'https://en.wikipedia.org/wiki/Mick_Schumacher'}], 'reason': 'Crash'}"
2022,"{'text': 'British', 'url': 'https://en.wikipedia.org/wiki/2022_British_Grand_Prix'}",1,"{'code': 'R', 'description': 'race_was_resumed_to_complete_original_distance'}","{'text': 'Carlos Sainz Jr.', 'url': 'https://en.wikipedia.org/wiki/Carlos_Sainz_Jr.'}","Crash involving Pierre Gasly , George Russell , Zhou Guanyu , Yuki Tsunoda , Esteban Ocon , Alexander Albon and Sebastian Vettel .","{'drivers': [{'text': 'George Russell', 'url': 'https://en.wikipedia.org/wiki/George_Russell_(racing_driver)'}, {'text': 'Zhou Guanyu', 'url': 'https://en.wikipedia.org/wiki/Zhou_Guanyu'}, {'text': 'Alexander Albon', 'url': 'https://en.wikipedia.org/wiki/Alexander_Albon'}], 'reason': 'Crash'}"
2022,"{'text': 'Japanese', 'url': 'https://en.wikipedia.org/wiki/2022_Japanese_Grand_Prix'}",2,"{'code': 'S', 'description': 'race_was_restarted_or_resumed_without_completing_original_distance'}","{'text': 'Max Verstappen', 'url': 'https://en.wikipedia.org/wiki/Max_Verstappen'}",Rain and crash of Carlos Sainz Jr.,"{'drivers': [{'text': 'Carlos Sainz Jr.', 'url': 'https://en.wikipedia.org/wiki/Carlos_Sainz_Jr.'}], 'reason': 'Crash'}"
2022,"{'text': 'Japanese', 'url': 'https://en.wikipedia.org/wiki/2022_Japanese_Grand_Prix'}",2,"{'code': 'S', 'description': 'race_was_restarted_or_resumed_without_completing_original_distance'}","{'text': 'Max Verstappen', 'url': 'https://en.wikipedia.org/wiki/Max_Verstappen'}",Rain and crash of Carlos Sainz Jr.,"{'drivers': [{'text': 'Alexander Albon', 'url': 'https://en.wikipedia.org/wiki/Alexander_Albon'}], 'reason': 'Collision damage'}"
2023,"{'text': 'Australian', 'url': 'https://en.wikipedia.org/wiki/2023_Australian_Grand_Prix'}",8,"{'code': 'R', 'description': 'race_was_resumed_to_complete_original_distance'}","{'text': 'Max Verstappen', 'url': 'https://en.wikipedia.org/wiki/Max_Verstappen'}","Crash of Alexander Albon , resulting in gravel on track.","{'drivers': [{'text': 'Alexander Albon', 'url': 'https://en.wikipedia.org/wiki/Alexander_Albon'}], 'reason': 'Crash'}"
2023,"{'text': 'Australian', 'url': 'https://en.wikipedia.org/wiki/2023_Australian_Grand_Prix'}",55,"{'code': 'R', 'description': 'race_was_resumed_to_complete_original_distance'}","{'text': 'Max Verstappen', 'url': 'https://en.wikipedia.org/wiki/Max_Verstappen'}",Crash of Kevin Magnussen .,"{'drivers': [{'text': 'Kevin Magnussen', 'url': 'https://en.wikipedia.org/wiki/Kevin_Magnussen'}], 'reason': 'Crash'}"
2023,"{'text': 'Australian', 'url': 'https://en.wikipedia.org/wiki/2023_Australian_Grand_Prix'}",57,"{'code': 'R', 'description': 'race_was_resumed_to_complete_original_distance'}","{'text': 'Max Verstappen', 'url': 'https://en.wikipedia.org/wiki/Max_Verstappen'}","Crashes involving Logan Sargeant , Nyck de Vries , Esteban Ocon and Pierre Gasly .","{'drivers': [{'text': 'Logan Sargeant', 'url': 'https://en.wikipedia.org/wiki/Logan_Sargeant'}, {'text': 'Nyck de Vries', 'url': 'https://en.wikipedia.org/wiki/Nyck_de_Vries'}, {'text': 'Esteban Ocon', 'url': 'https://en.wikipedia.org/wiki/Esteban_Ocon'}, {'text': 'Pierre Gasly', 'url': 'https://en.wikipedia.org/wiki/Pierre_Gasly'}], 'reason': 'Crash'}"
2023,"{'text': 'Dutch', 'url': 'https://en.wikipedia.org/wiki/2023_Dutch_Grand_Prix'}",64,"{'code': 'R', 'description': 'race_was_resumed_to_complete_original_distance'}","{'text': 'Max Verstappen', 'url': 'https://en.wikipedia.org/wiki/Max_Verstappen'}","Rain and crash of Zhou Guanyu , resulting in a damaged barrier.","{'drivers': [{'text': 'Zhou Guanyu', 'url': 'https://en.wikipedia.org/wiki/Zhou_Guanyu'}], 'reason': 'Crash'}"
2023,"{'text': 'Mexico City', 'url': 'https://en.wikipedia.org/wiki/2023_Mexico_City_Grand_Prix'}",34,"{'code': 'R', 'description': 'race_was_resumed_to_complete_original_distance'}","{'text': 'Max Verstappen', 'url': 'https://en.wikipedia.org/wiki/Max_Verstappen'}","Crash of Kevin Magnussen , resulting in a damaged barrier.","{'drivers': [{'text': 'Kevin Magnussen', 'url': 'https://en.wikipedia.org/wiki/Kevin_Magnussen'}], 'reason': 'Crash'}"
2023,"{'text': 'São Paulo', 'url': 'https://en.wikipedia.org/wiki/2023_S%C3%A3o_Paulo_Grand_Prix'}",2,"{'code': 'R', 'description': 'race_was_resumed_to_complete_original_distance'}","{'text': 'Max Verstappen', 'url': 'https://en.wikipedia.org/wiki/Max_Verstappen'}","Crash involving Alexander Albon and Kevin Magnussen , resulting in a damaged barrier and debris on the track.","{'drivers': [{'text': 'Alexander Albon', 'url': 'https://en.wikipedia.org/wiki/Alexander_Albon'}, {'text': 'Kevin Magnussen', 'url': 'https://en.wikipedia.org/wiki/Kevin_Magnussen'}], 'reason': 'Crash'}"
2024,"{'text': 'Japanese', 'url': 'https://en.wikipedia.org/wiki/2024_Japanese_Grand_Prix'}",1,"{'code': 'R', 'description': 'race_was_resumed_to_complete_original_distance'}","{'text': 'Max Verstappen', 'url': 'https://en.wikipedia.org/wiki/Max_Verstappen'}","Crash involving Daniel Ricciardo and Alexander Albon , resulting in a damaged barrier.","{'drivers': [{'text': 'Daniel Ricciardo', 'url': 'https://en.wikipedia.org/wiki/Daniel_Ricciardo'}, {'text': 'Alexander Albon', 'url': 'https://en.wikipedia.org/wiki/Alexander_Albon'}], 'reason': 'Crash'}"
2024,"{'text': 'Monaco', 'url': 'https://en.wikipedia.org/wiki/2024_Monaco_Grand_Prix'}",1,"{'code': 'R', 'description': 'race_was_resumed_to_complete_original_distance'}","{'text': 'Charles Leclerc', 'url': 'https://en.wikipedia.org/wiki/Charles_Leclerc'}","Crash involving Sergio Pérez , Nico Hülkenberg and Kevin Magnussen , resulting in a damaged barrier and debris on the track.","{'drivers': [{'text': 'Sergio Pérez', 'url': 'https://en.wikipedia.org/wiki/Sergio_P%C3%A9rez'}, {'text': 'Nico Hülkenberg', 'url': 'https://en.wikipedia.org/wiki/Nico_H%C3%BClkenberg'}, {'text': 'Kevin Magnussen', 'url': 'https://en.wikipedia.org/wiki/Kevin_Magnussen'}], 'reason': 'Crash'}"
2024,"{'text': 'Monaco', 'url': 'https://en.wikipedia.org/wiki/2024_Monaco_Grand_Prix'}",1,"{'code': 'R', 'description': 'race_was_resumed_to_complete_original_distance'}","{'text': 'Charles Leclerc', 'url': 'https://en.wikipedia.org/wiki/Charles_Leclerc'}","Crash involving Sergio Pérez , Nico Hülkenberg and Kevin Magnussen , resulting in a damaged barrier and debris on the track.","{'drivers': [{'text': 'Esteban Ocon', 'url': 'https://en.wikipedia.org/wiki/Esteban_Ocon'}], 'reason': 'Collision damage'}"
2024,"{'text': 'São Paulo', 'url': 'https://en.wikipedia.org/wiki/2024_S%C3%A3o_Paulo_Grand_Prix'}",32,"{'code': 'S', 'description': 'race_was_restarted_or_resumed_without_completing_original_distance'}","{'text': 'Max Verstappen', 'url': 'https://en.wikipedia.org/wiki/Max_Verstappen'}",Crash of Franco Colapinto .,"{'drivers': [{'text': 'Franco Colapinto', 'url': 'https://en.wikipedia.org/wiki/Franco_Colapinto'}], 'reason': 'Crash'}"
2024,"{'text': 'São Paulo', 'url': 'https://en.wikipedia.org/wiki/2024_S%C3%A3o_Paulo_Grand_Prix'}",32,"{'code': 'S', 'description': 'race_was_restarted_or_resumed_without_completing_original_distance'}","{'text': 'Max Verstappen', 'url': 'https://en.wikipedia.org/wiki/Max_Verstappen'}",Crash of Franco Colapinto .,"{'drivers': [{'text': 'Nico Hülkenberg', 'url': 'https://en.wikipedia.org/wiki/Nico_H%C3%BClkenberg'}], 'reason': 'Disqualified'}"
